long,lat,vms-intens
-89.5,59.5,NA
-88.5,59.5,NA
-87.5,59.5,NA
-86.5,59.5,NA
-85.5,59.5,NA
-84.5,59.5,NA
-83.5,59.5,NA
-82.5,59.5,NA
-81.5,59.5,NA
-80.5,59.5,NA
-79.5,59.5,NA
-78.5,59.5,NA
-77.5,59.5,NA
-76.5,59.5,NA
-75.5,59.5,NA
-74.5,59.5,NA
-73.5,59.5,NA
-72.5,59.5,NA
-71.5,59.5,NA
-70.5,59.5,NA
-69.5,59.5,NA
-68.5,59.5,NA
-67.5,59.5,NA
-66.5,59.5,NA
-65.5,59.5,NA
-64.5,59.5,NA
-63.5,59.5,NA
-62.5,59.5,NA
-61.5,59.5,NA
-60.5,59.5,NA
-59.5,59.5,NA
-58.5,59.5,NA
-57.5,59.5,NA
-56.5,59.5,NA
-55.5,59.5,NA
-54.5,59.5,NA
-53.5,59.5,NA
-52.5,59.5,NA
-51.5,59.5,NA
-50.5,59.5,NA
-49.5,59.5,NA
-48.5,59.5,NA
-47.5,59.5,NA
-46.5,59.5,NA
-45.5,59.5,NA
-44.5,59.5,NA
-43.5,59.5,NA
-42.5,59.5,NA
-41.5,59.5,NA
-40.5,59.5,NA
-39.5,59.5,NA
-38.5,59.5,NA
-37.5,59.5,NA
-36.5,59.5,NA
-35.5,59.5,NA
-34.5,59.5,NA
-33.5,59.5,NA
-32.5,59.5,NA
-31.5,59.5,NA
-30.5,59.5,NA
-29.5,59.5,NA
-28.5,59.5,NA
-27.5,59.5,NA
-26.5,59.5,NA
-25.5,59.5,NA
-24.5,59.5,NA
-23.5,59.5,NA
-22.5,59.5,NA
-21.5,59.5,NA
-20.5,59.5,NA
-19.5,59.5,NA
-18.5,59.5,NA
-17.5,59.5,NA
-16.5,59.5,NA
-15.5,59.5,NA
-14.5,59.5,NA
-13.5,59.5,NA
-12.5,59.5,NA
-11.5,59.5,NA
-10.5,59.5,NA
-9.5,59.5,NA
-8.5,59.5,NA
-7.5,59.5,NA
-6.5,59.5,NA
-5.5,59.5,NA
-4.5,59.5,NA
-3.5,59.5,NA
-2.5,59.5,NA
-1.5,59.5,NA
-0.5,59.5,NA
-89.5,58.5,NA
-88.5,58.5,NA
-87.5,58.5,NA
-86.5,58.5,NA
-85.5,58.5,NA
-84.5,58.5,NA
-83.5,58.5,NA
-82.5,58.5,NA
-81.5,58.5,NA
-80.5,58.5,NA
-79.5,58.5,NA
-78.5,58.5,NA
-77.5,58.5,NA
-76.5,58.5,NA
-75.5,58.5,NA
-74.5,58.5,NA
-73.5,58.5,NA
-72.5,58.5,NA
-71.5,58.5,NA
-70.5,58.5,NA
-69.5,58.5,NA
-68.5,58.5,NA
-67.5,58.5,NA
-66.5,58.5,NA
-65.5,58.5,NA
-64.5,58.5,NA
-63.5,58.5,NA
-62.5,58.5,NA
-61.5,58.5,NA
-60.5,58.5,NA
-59.5,58.5,NA
-58.5,58.5,NA
-57.5,58.5,NA
-56.5,58.5,NA
-55.5,58.5,NA
-54.5,58.5,NA
-53.5,58.5,NA
-52.5,58.5,NA
-51.5,58.5,NA
-50.5,58.5,NA
-49.5,58.5,NA
-48.5,58.5,NA
-47.5,58.5,NA
-46.5,58.5,NA
-45.5,58.5,NA
-44.5,58.5,NA
-43.5,58.5,NA
-42.5,58.5,NA
-41.5,58.5,NA
-40.5,58.5,NA
-39.5,58.5,NA
-38.5,58.5,NA
-37.5,58.5,NA
-36.5,58.5,NA
-35.5,58.5,NA
-34.5,58.5,NA
-33.5,58.5,NA
-32.5,58.5,NA
-31.5,58.5,NA
-30.5,58.5,NA
-29.5,58.5,NA
-28.5,58.5,NA
-27.5,58.5,NA
-26.5,58.5,NA
-25.5,58.5,NA
-24.5,58.5,NA
-23.5,58.5,NA
-22.5,58.5,NA
-21.5,58.5,NA
-20.5,58.5,NA
-19.5,58.5,NA
-18.5,58.5,NA
-17.5,58.5,NA
-16.5,58.5,NA
-15.5,58.5,NA
-14.5,58.5,NA
-13.5,58.5,NA
-12.5,58.5,NA
-11.5,58.5,NA
-10.5,58.5,NA
-9.5,58.5,NA
-8.5,58.5,NA
-7.5,58.5,NA
-6.5,58.5,NA
-5.5,58.5,NA
-4.5,58.5,NA
-3.5,58.5,NA
-2.5,58.5,NA
-1.5,58.5,NA
-0.5,58.5,NA
-89.5,57.5,NA
-88.5,57.5,NA
-87.5,57.5,NA
-86.5,57.5,NA
-85.5,57.5,NA
-84.5,57.5,NA
-83.5,57.5,NA
-82.5,57.5,NA
-81.5,57.5,NA
-80.5,57.5,NA
-79.5,57.5,NA
-78.5,57.5,NA
-77.5,57.5,NA
-76.5,57.5,NA
-75.5,57.5,NA
-74.5,57.5,NA
-73.5,57.5,NA
-72.5,57.5,NA
-71.5,57.5,NA
-70.5,57.5,NA
-69.5,57.5,NA
-68.5,57.5,NA
-67.5,57.5,NA
-66.5,57.5,NA
-65.5,57.5,NA
-64.5,57.5,NA
-63.5,57.5,NA
-62.5,57.5,NA
-61.5,57.5,NA
-60.5,57.5,NA
-59.5,57.5,NA
-58.5,57.5,NA
-57.5,57.5,NA
-56.5,57.5,NA
-55.5,57.5,NA
-54.5,57.5,NA
-53.5,57.5,NA
-52.5,57.5,NA
-51.5,57.5,NA
-50.5,57.5,NA
-49.5,57.5,NA
-48.5,57.5,NA
-47.5,57.5,NA
-46.5,57.5,NA
-45.5,57.5,NA
-44.5,57.5,NA
-43.5,57.5,NA
-42.5,57.5,NA
-41.5,57.5,NA
-40.5,57.5,NA
-39.5,57.5,NA
-38.5,57.5,NA
-37.5,57.5,NA
-36.5,57.5,NA
-35.5,57.5,NA
-34.5,57.5,NA
-33.5,57.5,NA
-32.5,57.5,NA
-31.5,57.5,NA
-30.5,57.5,NA
-29.5,57.5,NA
-28.5,57.5,NA
-27.5,57.5,NA
-26.5,57.5,NA
-25.5,57.5,NA
-24.5,57.5,NA
-23.5,57.5,NA
-22.5,57.5,NA
-21.5,57.5,NA
-20.5,57.5,NA
-19.5,57.5,NA
-18.5,57.5,NA
-17.5,57.5,NA
-16.5,57.5,NA
-15.5,57.5,NA
-14.5,57.5,NA
-13.5,57.5,NA
-12.5,57.5,NA
-11.5,57.5,NA
-10.5,57.5,NA
-9.5,57.5,NA
-8.5,57.5,NA
-7.5,57.5,NA
-6.5,57.5,NA
-5.5,57.5,NA
-4.5,57.5,NA
-3.5,57.5,NA
-2.5,57.5,NA
-1.5,57.5,NA
-0.5,57.5,NA
-89.5,56.5,NA
-88.5,56.5,NA
-87.5,56.5,NA
-86.5,56.5,NA
-85.5,56.5,NA
-84.5,56.5,NA
-83.5,56.5,NA
-82.5,56.5,NA
-81.5,56.5,NA
-80.5,56.5,NA
-79.5,56.5,NA
-78.5,56.5,NA
-77.5,56.5,NA
-76.5,56.5,NA
-75.5,56.5,NA
-74.5,56.5,NA
-73.5,56.5,NA
-72.5,56.5,NA
-71.5,56.5,NA
-70.5,56.5,NA
-69.5,56.5,NA
-68.5,56.5,NA
-67.5,56.5,NA
-66.5,56.5,NA
-65.5,56.5,NA
-64.5,56.5,NA
-63.5,56.5,NA
-62.5,56.5,NA
-61.5,56.5,NA
-60.5,56.5,NA
-59.5,56.5,NA
-58.5,56.5,NA
-57.5,56.5,NA
-56.5,56.5,NA
-55.5,56.5,NA
-54.5,56.5,NA
-53.5,56.5,NA
-52.5,56.5,NA
-51.5,56.5,NA
-50.5,56.5,NA
-49.5,56.5,NA
-48.5,56.5,NA
-47.5,56.5,NA
-46.5,56.5,NA
-45.5,56.5,NA
-44.5,56.5,NA
-43.5,56.5,NA
-42.5,56.5,NA
-41.5,56.5,NA
-40.5,56.5,NA
-39.5,56.5,NA
-38.5,56.5,NA
-37.5,56.5,NA
-36.5,56.5,NA
-35.5,56.5,NA
-34.5,56.5,NA
-33.5,56.5,NA
-32.5,56.5,NA
-31.5,56.5,NA
-30.5,56.5,NA
-29.5,56.5,NA
-28.5,56.5,NA
-27.5,56.5,NA
-26.5,56.5,NA
-25.5,56.5,NA
-24.5,56.5,NA
-23.5,56.5,NA
-22.5,56.5,NA
-21.5,56.5,NA
-20.5,56.5,NA
-19.5,56.5,NA
-18.5,56.5,NA
-17.5,56.5,NA
-16.5,56.5,NA
-15.5,56.5,NA
-14.5,56.5,NA
-13.5,56.5,NA
-12.5,56.5,NA
-11.5,56.5,NA
-10.5,56.5,NA
-9.5,56.5,NA
-8.5,56.5,NA
-7.5,56.5,NA
-6.5,56.5,NA
-5.5,56.5,NA
-4.5,56.5,NA
-3.5,56.5,NA
-2.5,56.5,NA
-1.5,56.5,NA
-0.5,56.5,NA
-89.5,55.5,NA
-88.5,55.5,NA
-87.5,55.5,NA
-86.5,55.5,NA
-85.5,55.5,NA
-84.5,55.5,NA
-83.5,55.5,NA
-82.5,55.5,NA
-81.5,55.5,NA
-80.5,55.5,NA
-79.5,55.5,NA
-78.5,55.5,NA
-77.5,55.5,NA
-76.5,55.5,NA
-75.5,55.5,NA
-74.5,55.5,NA
-73.5,55.5,NA
-72.5,55.5,NA
-71.5,55.5,NA
-70.5,55.5,NA
-69.5,55.5,NA
-68.5,55.5,NA
-67.5,55.5,NA
-66.5,55.5,NA
-65.5,55.5,NA
-64.5,55.5,NA
-63.5,55.5,NA
-62.5,55.5,NA
-61.5,55.5,NA
-60.5,55.5,NA
-59.5,55.5,NA
-58.5,55.5,NA
-57.5,55.5,NA
-56.5,55.5,NA
-55.5,55.5,NA
-54.5,55.5,NA
-53.5,55.5,NA
-52.5,55.5,NA
-51.5,55.5,NA
-50.5,55.5,NA
-49.5,55.5,NA
-48.5,55.5,NA
-47.5,55.5,NA
-46.5,55.5,NA
-45.5,55.5,NA
-44.5,55.5,NA
-43.5,55.5,NA
-42.5,55.5,NA
-41.5,55.5,NA
-40.5,55.5,NA
-39.5,55.5,NA
-38.5,55.5,NA
-37.5,55.5,NA
-36.5,55.5,NA
-35.5,55.5,NA
-34.5,55.5,NA
-33.5,55.5,NA
-32.5,55.5,NA
-31.5,55.5,NA
-30.5,55.5,NA
-29.5,55.5,NA
-28.5,55.5,NA
-27.5,55.5,NA
-26.5,55.5,NA
-25.5,55.5,NA
-24.5,55.5,NA
-23.5,55.5,NA
-22.5,55.5,NA
-21.5,55.5,NA
-20.5,55.5,NA
-19.5,55.5,NA
-18.5,55.5,NA
-17.5,55.5,NA
-16.5,55.5,NA
-15.5,55.5,NA
-14.5,55.5,NA
-13.5,55.5,NA
-12.5,55.5,NA
-11.5,55.5,NA
-10.5,55.5,NA
-9.5,55.5,NA
-8.5,55.5,NA
-7.5,55.5,NA
-6.5,55.5,NA
-5.5,55.5,NA
-4.5,55.5,NA
-3.5,55.5,NA
-2.5,55.5,NA
-1.5,55.5,NA
-0.5,55.5,NA
-89.5,54.5,NA
-88.5,54.5,NA
-87.5,54.5,NA
-86.5,54.5,NA
-85.5,54.5,NA
-84.5,54.5,NA
-83.5,54.5,NA
-82.5,54.5,NA
-81.5,54.5,NA
-80.5,54.5,NA
-79.5,54.5,NA
-78.5,54.5,NA
-77.5,54.5,NA
-76.5,54.5,NA
-75.5,54.5,NA
-74.5,54.5,NA
-73.5,54.5,NA
-72.5,54.5,NA
-71.5,54.5,NA
-70.5,54.5,NA
-69.5,54.5,NA
-68.5,54.5,NA
-67.5,54.5,NA
-66.5,54.5,NA
-65.5,54.5,NA
-64.5,54.5,NA
-63.5,54.5,NA
-62.5,54.5,NA
-61.5,54.5,NA
-60.5,54.5,NA
-59.5,54.5,NA
-58.5,54.5,NA
-57.5,54.5,NA
-56.5,54.5,NA
-55.5,54.5,NA
-54.5,54.5,NA
-53.5,54.5,NA
-52.5,54.5,NA
-51.5,54.5,NA
-50.5,54.5,NA
-49.5,54.5,NA
-48.5,54.5,NA
-47.5,54.5,NA
-46.5,54.5,NA
-45.5,54.5,NA
-44.5,54.5,NA
-43.5,54.5,NA
-42.5,54.5,NA
-41.5,54.5,NA
-40.5,54.5,NA
-39.5,54.5,NA
-38.5,54.5,NA
-37.5,54.5,NA
-36.5,54.5,NA
-35.5,54.5,NA
-34.5,54.5,NA
-33.5,54.5,NA
-32.5,54.5,NA
-31.5,54.5,NA
-30.5,54.5,NA
-29.5,54.5,NA
-28.5,54.5,NA
-27.5,54.5,NA
-26.5,54.5,NA
-25.5,54.5,NA
-24.5,54.5,NA
-23.5,54.5,NA
-22.5,54.5,NA
-21.5,54.5,NA
-20.5,54.5,NA
-19.5,54.5,NA
-18.5,54.5,NA
-17.5,54.5,NA
-16.5,54.5,NA
-15.5,54.5,NA
-14.5,54.5,NA
-13.5,54.5,NA
-12.5,54.5,NA
-11.5,54.5,NA
-10.5,54.5,NA
-9.5,54.5,NA
-8.5,54.5,NA
-7.5,54.5,NA
-6.5,54.5,NA
-5.5,54.5,NA
-4.5,54.5,NA
-3.5,54.5,NA
-2.5,54.5,NA
-1.5,54.5,NA
-0.5,54.5,NA
-89.5,53.5,NA
-88.5,53.5,NA
-87.5,53.5,NA
-86.5,53.5,NA
-85.5,53.5,NA
-84.5,53.5,NA
-83.5,53.5,NA
-82.5,53.5,NA
-81.5,53.5,NA
-80.5,53.5,NA
-79.5,53.5,NA
-78.5,53.5,NA
-77.5,53.5,NA
-76.5,53.5,NA
-75.5,53.5,NA
-74.5,53.5,NA
-73.5,53.5,NA
-72.5,53.5,NA
-71.5,53.5,NA
-70.5,53.5,NA
-69.5,53.5,NA
-68.5,53.5,NA
-67.5,53.5,NA
-66.5,53.5,NA
-65.5,53.5,NA
-64.5,53.5,NA
-63.5,53.5,NA
-62.5,53.5,NA
-61.5,53.5,NA
-60.5,53.5,NA
-59.5,53.5,NA
-58.5,53.5,NA
-57.5,53.5,NA
-56.5,53.5,NA
-55.5,53.5,NA
-54.5,53.5,NA
-53.5,53.5,NA
-52.5,53.5,NA
-51.5,53.5,NA
-50.5,53.5,NA
-49.5,53.5,NA
-48.5,53.5,NA
-47.5,53.5,NA
-46.5,53.5,NA
-45.5,53.5,NA
-44.5,53.5,NA
-43.5,53.5,NA
-42.5,53.5,NA
-41.5,53.5,NA
-40.5,53.5,NA
-39.5,53.5,NA
-38.5,53.5,NA
-37.5,53.5,NA
-36.5,53.5,NA
-35.5,53.5,NA
-34.5,53.5,NA
-33.5,53.5,NA
-32.5,53.5,NA
-31.5,53.5,NA
-30.5,53.5,NA
-29.5,53.5,NA
-28.5,53.5,NA
-27.5,53.5,NA
-26.5,53.5,NA
-25.5,53.5,NA
-24.5,53.5,NA
-23.5,53.5,NA
-22.5,53.5,NA
-21.5,53.5,NA
-20.5,53.5,NA
-19.5,53.5,NA
-18.5,53.5,NA
-17.5,53.5,NA
-16.5,53.5,NA
-15.5,53.5,NA
-14.5,53.5,NA
-13.5,53.5,NA
-12.5,53.5,NA
-11.5,53.5,NA
-10.5,53.5,NA
-9.5,53.5,NA
-8.5,53.5,NA
-7.5,53.5,NA
-6.5,53.5,NA
-5.5,53.5,NA
-4.5,53.5,NA
-3.5,53.5,NA
-2.5,53.5,NA
-1.5,53.5,NA
-0.5,53.5,NA
-89.5,52.5,NA
-88.5,52.5,NA
-87.5,52.5,NA
-86.5,52.5,NA
-85.5,52.5,NA
-84.5,52.5,NA
-83.5,52.5,NA
-82.5,52.5,NA
-81.5,52.5,NA
-80.5,52.5,NA
-79.5,52.5,NA
-78.5,52.5,NA
-77.5,52.5,NA
-76.5,52.5,NA
-75.5,52.5,NA
-74.5,52.5,NA
-73.5,52.5,NA
-72.5,52.5,NA
-71.5,52.5,NA
-70.5,52.5,NA
-69.5,52.5,NA
-68.5,52.5,NA
-67.5,52.5,NA
-66.5,52.5,NA
-65.5,52.5,NA
-64.5,52.5,NA
-63.5,52.5,NA
-62.5,52.5,NA
-61.5,52.5,NA
-60.5,52.5,NA
-59.5,52.5,NA
-58.5,52.5,NA
-57.5,52.5,NA
-56.5,52.5,NA
-55.5,52.5,NA
-54.5,52.5,NA
-53.5,52.5,NA
-52.5,52.5,NA
-51.5,52.5,NA
-50.5,52.5,NA
-49.5,52.5,NA
-48.5,52.5,NA
-47.5,52.5,NA
-46.5,52.5,NA
-45.5,52.5,NA
-44.5,52.5,NA
-43.5,52.5,NA
-42.5,52.5,NA
-41.5,52.5,NA
-40.5,52.5,NA
-39.5,52.5,NA
-38.5,52.5,NA
-37.5,52.5,NA
-36.5,52.5,NA
-35.5,52.5,NA
-34.5,52.5,NA
-33.5,52.5,NA
-32.5,52.5,NA
-31.5,52.5,NA
-30.5,52.5,NA
-29.5,52.5,NA
-28.5,52.5,NA
-27.5,52.5,NA
-26.5,52.5,NA
-25.5,52.5,NA
-24.5,52.5,NA
-23.5,52.5,NA
-22.5,52.5,NA
-21.5,52.5,NA
-20.5,52.5,NA
-19.5,52.5,NA
-18.5,52.5,NA
-17.5,52.5,NA
-16.5,52.5,NA
-15.5,52.5,0.4
-14.5,52.5,0.6
-13.5,52.5,NA
-12.5,52.5,NA
-11.5,52.5,NA
-10.5,52.5,NA
-9.5,52.5,NA
-8.5,52.5,NA
-7.5,52.5,NA
-6.5,52.5,NA
-5.5,52.5,NA
-4.5,52.5,NA
-3.5,52.5,NA
-2.5,52.5,NA
-1.5,52.5,NA
-0.5,52.5,NA
-89.5,51.5,NA
-88.5,51.5,NA
-87.5,51.5,NA
-86.5,51.5,NA
-85.5,51.5,NA
-84.5,51.5,NA
-83.5,51.5,NA
-82.5,51.5,NA
-81.5,51.5,NA
-80.5,51.5,NA
-79.5,51.5,NA
-78.5,51.5,NA
-77.5,51.5,NA
-76.5,51.5,NA
-75.5,51.5,NA
-74.5,51.5,NA
-73.5,51.5,NA
-72.5,51.5,NA
-71.5,51.5,NA
-70.5,51.5,NA
-69.5,51.5,NA
-68.5,51.5,NA
-67.5,51.5,NA
-66.5,51.5,NA
-65.5,51.5,NA
-64.5,51.5,NA
-63.5,51.5,NA
-62.5,51.5,NA
-61.5,51.5,NA
-60.5,51.5,NA
-59.5,51.5,NA
-58.5,51.5,NA
-57.5,51.5,NA
-56.5,51.5,NA
-55.5,51.5,NA
-54.5,51.5,NA
-53.5,51.5,NA
-52.5,51.5,NA
-51.5,51.5,NA
-50.5,51.5,NA
-49.5,51.5,NA
-48.5,51.5,NA
-47.5,51.5,NA
-46.5,51.5,NA
-45.5,51.5,NA
-44.5,51.5,NA
-43.5,51.5,NA
-42.5,51.5,NA
-41.5,51.5,NA
-40.5,51.5,NA
-39.5,51.5,NA
-38.5,51.5,NA
-37.5,51.5,NA
-36.5,51.5,NA
-35.5,51.5,NA
-34.5,51.5,NA
-33.5,51.5,NA
-32.5,51.5,NA
-31.5,51.5,NA
-30.5,51.5,NA
-29.5,51.5,NA
-28.5,51.5,NA
-27.5,51.5,NA
-26.5,51.5,NA
-25.5,51.5,NA
-24.5,51.5,NA
-23.5,51.5,NA
-22.5,51.5,NA
-21.5,51.5,NA
-20.5,51.5,NA
-19.5,51.5,NA
-18.5,51.5,NA
-17.5,51.5,NA
-16.5,51.5,NA
-15.5,51.5,0.114285714
-14.5,51.5,0.154761905
-13.5,51.5,NA
-12.5,51.5,NA
-11.5,51.5,NA
-10.5,51.5,NA
-9.5,51.5,NA
-8.5,51.5,NA
-7.5,51.5,NA
-6.5,51.5,NA
-5.5,51.5,NA
-4.5,51.5,NA
-3.5,51.5,NA
-2.5,51.5,NA
-1.5,51.5,NA
-0.5,51.5,NA
-89.5,50.5,NA
-88.5,50.5,NA
-87.5,50.5,NA
-86.5,50.5,NA
-85.5,50.5,NA
-84.5,50.5,NA
-83.5,50.5,NA
-82.5,50.5,NA
-81.5,50.5,NA
-80.5,50.5,NA
-79.5,50.5,NA
-78.5,50.5,NA
-77.5,50.5,NA
-76.5,50.5,NA
-75.5,50.5,NA
-74.5,50.5,NA
-73.5,50.5,NA
-72.5,50.5,NA
-71.5,50.5,NA
-70.5,50.5,NA
-69.5,50.5,NA
-68.5,50.5,NA
-67.5,50.5,NA
-66.5,50.5,NA
-65.5,50.5,NA
-64.5,50.5,NA
-63.5,50.5,NA
-62.5,50.5,NA
-61.5,50.5,NA
-60.5,50.5,NA
-59.5,50.5,NA
-58.5,50.5,NA
-57.5,50.5,NA
-56.5,50.5,NA
-55.5,50.5,NA
-54.5,50.5,NA
-53.5,50.5,NA
-52.5,50.5,NA
-51.5,50.5,NA
-50.5,50.5,NA
-49.5,50.5,NA
-48.5,50.5,NA
-47.5,50.5,NA
-46.5,50.5,NA
-45.5,50.5,NA
-44.5,50.5,NA
-43.5,50.5,NA
-42.5,50.5,NA
-41.5,50.5,NA
-40.5,50.5,NA
-39.5,50.5,NA
-38.5,50.5,NA
-37.5,50.5,NA
-36.5,50.5,NA
-35.5,50.5,NA
-34.5,50.5,NA
-33.5,50.5,NA
-32.5,50.5,NA
-31.5,50.5,NA
-30.5,50.5,NA
-29.5,50.5,NA
-28.5,50.5,NA
-27.5,50.5,NA
-26.5,50.5,NA
-25.5,50.5,NA
-24.5,50.5,NA
-23.5,50.5,NA
-22.5,50.5,NA
-21.5,50.5,NA
-20.5,50.5,NA
-19.5,50.5,NA
-18.5,50.5,NA
-17.5,50.5,NA
-16.5,50.5,NA
-15.5,50.5,NA
-14.5,50.5,0.108910891
-13.5,50.5,0.07751938
-12.5,50.5,0.018518519
-11.5,50.5,0.260869565
-10.5,50.5,NA
-9.5,50.5,NA
-8.5,50.5,NA
-7.5,50.5,NA
-6.5,50.5,NA
-5.5,50.5,NA
-4.5,50.5,NA
-3.5,50.5,NA
-2.5,50.5,NA
-1.5,50.5,NA
-0.5,50.5,NA
-89.5,49.5,NA
-88.5,49.5,NA
-87.5,49.5,NA
-86.5,49.5,NA
-85.5,49.5,NA
-84.5,49.5,NA
-83.5,49.5,NA
-82.5,49.5,NA
-81.5,49.5,NA
-80.5,49.5,NA
-79.5,49.5,NA
-78.5,49.5,NA
-77.5,49.5,NA
-76.5,49.5,NA
-75.5,49.5,NA
-74.5,49.5,NA
-73.5,49.5,NA
-72.5,49.5,NA
-71.5,49.5,NA
-70.5,49.5,NA
-69.5,49.5,NA
-68.5,49.5,NA
-67.5,49.5,NA
-66.5,49.5,NA
-65.5,49.5,NA
-64.5,49.5,NA
-63.5,49.5,NA
-62.5,49.5,NA
-61.5,49.5,NA
-60.5,49.5,NA
-59.5,49.5,NA
-58.5,49.5,NA
-57.5,49.5,NA
-56.5,49.5,NA
-55.5,49.5,NA
-54.5,49.5,NA
-53.5,49.5,NA
-52.5,49.5,NA
-51.5,49.5,NA
-50.5,49.5,NA
-49.5,49.5,NA
-48.5,49.5,NA
-47.5,49.5,NA
-46.5,49.5,NA
-45.5,49.5,NA
-44.5,49.5,NA
-43.5,49.5,NA
-42.5,49.5,NA
-41.5,49.5,NA
-40.5,49.5,NA
-39.5,49.5,NA
-38.5,49.5,NA
-37.5,49.5,NA
-36.5,49.5,NA
-35.5,49.5,NA
-34.5,49.5,NA
-33.5,49.5,NA
-32.5,49.5,NA
-31.5,49.5,NA
-30.5,49.5,NA
-29.5,49.5,NA
-28.5,49.5,NA
-27.5,49.5,NA
-26.5,49.5,NA
-25.5,49.5,NA
-24.5,49.5,NA
-23.5,49.5,NA
-22.5,49.5,NA
-21.5,49.5,NA
-20.5,49.5,NA
-19.5,49.5,NA
-18.5,49.5,NA
-17.5,49.5,NA
-16.5,49.5,NA
-15.5,49.5,NA
-14.5,49.5,NA
-13.5,49.5,0.133333333
-12.5,49.5,0.563291139
-11.5,49.5,0.459649123
-10.5,49.5,NA
-9.5,49.5,NA
-8.5,49.5,NA
-7.5,49.5,NA
-6.5,49.5,NA
-5.5,49.5,NA
-4.5,49.5,NA
-3.5,49.5,NA
-2.5,49.5,NA
-1.5,49.5,NA
-0.5,49.5,NA
-89.5,48.5,NA
-88.5,48.5,NA
-87.5,48.5,NA
-86.5,48.5,NA
-85.5,48.5,NA
-84.5,48.5,NA
-83.5,48.5,NA
-82.5,48.5,NA
-81.5,48.5,NA
-80.5,48.5,NA
-79.5,48.5,NA
-78.5,48.5,NA
-77.5,48.5,NA
-76.5,48.5,NA
-75.5,48.5,NA
-74.5,48.5,NA
-73.5,48.5,NA
-72.5,48.5,NA
-71.5,48.5,NA
-70.5,48.5,NA
-69.5,48.5,NA
-68.5,48.5,NA
-67.5,48.5,NA
-66.5,48.5,NA
-65.5,48.5,NA
-64.5,48.5,NA
-63.5,48.5,NA
-62.5,48.5,NA
-61.5,48.5,NA
-60.5,48.5,NA
-59.5,48.5,NA
-58.5,48.5,NA
-57.5,48.5,NA
-56.5,48.5,NA
-55.5,48.5,NA
-54.5,48.5,NA
-53.5,48.5,NA
-52.5,48.5,NA
-51.5,48.5,NA
-50.5,48.5,NA
-49.5,48.5,NA
-48.5,48.5,NA
-47.5,48.5,NA
-46.5,48.5,NA
-45.5,48.5,NA
-44.5,48.5,NA
-43.5,48.5,NA
-42.5,48.5,NA
-41.5,48.5,NA
-40.5,48.5,NA
-39.5,48.5,NA
-38.5,48.5,NA
-37.5,48.5,NA
-36.5,48.5,NA
-35.5,48.5,NA
-34.5,48.5,NA
-33.5,48.5,NA
-32.5,48.5,NA
-31.5,48.5,NA
-30.5,48.5,NA
-29.5,48.5,NA
-28.5,48.5,NA
-27.5,48.5,NA
-26.5,48.5,NA
-25.5,48.5,NA
-24.5,48.5,NA
-23.5,48.5,NA
-22.5,48.5,NA
-21.5,48.5,NA
-20.5,48.5,NA
-19.5,48.5,NA
-18.5,48.5,NA
-17.5,48.5,NA
-16.5,48.5,NA
-15.5,48.5,0.148148148
-14.5,48.5,0.076086957
-13.5,48.5,NA
-12.5,48.5,0.272
-11.5,48.5,0.44017094
-10.5,48.5,0.623978202
-9.5,48.5,0.621301775
-8.5,48.5,0.473684211
-7.5,48.5,NA
-6.5,48.5,NA
-5.5,48.5,NA
-4.5,48.5,NA
-3.5,48.5,NA
-2.5,48.5,NA
-1.5,48.5,NA
-0.5,48.5,NA
-89.5,47.5,NA
-88.5,47.5,NA
-87.5,47.5,NA
-86.5,47.5,NA
-85.5,47.5,NA
-84.5,47.5,NA
-83.5,47.5,NA
-82.5,47.5,NA
-81.5,47.5,NA
-80.5,47.5,NA
-79.5,47.5,NA
-78.5,47.5,NA
-77.5,47.5,NA
-76.5,47.5,NA
-75.5,47.5,NA
-74.5,47.5,NA
-73.5,47.5,NA
-72.5,47.5,NA
-71.5,47.5,NA
-70.5,47.5,NA
-69.5,47.5,NA
-68.5,47.5,NA
-67.5,47.5,NA
-66.5,47.5,NA
-65.5,47.5,NA
-64.5,47.5,NA
-63.5,47.5,NA
-62.5,47.5,NA
-61.5,47.5,NA
-60.5,47.5,NA
-59.5,47.5,NA
-58.5,47.5,NA
-57.5,47.5,NA
-56.5,47.5,NA
-55.5,47.5,NA
-54.5,47.5,NA
-53.5,47.5,NA
-52.5,47.5,NA
-51.5,47.5,NA
-50.5,47.5,NA
-49.5,47.5,NA
-48.5,47.5,NA
-47.5,47.5,NA
-46.5,47.5,NA
-45.5,47.5,NA
-44.5,47.5,NA
-43.5,47.5,NA
-42.5,47.5,NA
-41.5,47.5,0.032258065
-40.5,47.5,0.275862069
-39.5,47.5,NA
-38.5,47.5,NA
-37.5,47.5,NA
-36.5,47.5,NA
-35.5,47.5,NA
-34.5,47.5,NA
-33.5,47.5,NA
-32.5,47.5,NA
-31.5,47.5,NA
-30.5,47.5,NA
-29.5,47.5,NA
-28.5,47.5,NA
-27.5,47.5,NA
-26.5,47.5,NA
-25.5,47.5,NA
-24.5,47.5,NA
-23.5,47.5,NA
-22.5,47.5,NA
-21.5,47.5,NA
-20.5,47.5,NA
-19.5,47.5,NA
-18.5,47.5,NA
-17.5,47.5,NA
-16.5,47.5,0.103448276
-15.5,47.5,0.036363636
-14.5,47.5,0.059259259
-13.5,47.5,0.075268817
-12.5,47.5,0.406976744
-11.5,47.5,0.448598131
-10.5,47.5,0.324503311
-9.5,47.5,0.469512195
-8.5,47.5,0.763197587
-7.5,47.5,0.66518847
-6.5,47.5,0.770833333
-5.5,47.5,0.837837838
-4.5,47.5,NA
-3.5,47.5,NA
-2.5,47.5,NA
-1.5,47.5,NA
-0.5,47.5,NA
-89.5,46.5,NA
-88.5,46.5,NA
-87.5,46.5,NA
-86.5,46.5,NA
-85.5,46.5,NA
-84.5,46.5,NA
-83.5,46.5,NA
-82.5,46.5,NA
-81.5,46.5,NA
-80.5,46.5,NA
-79.5,46.5,NA
-78.5,46.5,NA
-77.5,46.5,NA
-76.5,46.5,NA
-75.5,46.5,NA
-74.5,46.5,NA
-73.5,46.5,NA
-72.5,46.5,NA
-71.5,46.5,NA
-70.5,46.5,NA
-69.5,46.5,NA
-68.5,46.5,NA
-67.5,46.5,NA
-66.5,46.5,NA
-65.5,46.5,NA
-64.5,46.5,NA
-63.5,46.5,NA
-62.5,46.5,NA
-61.5,46.5,NA
-60.5,46.5,NA
-59.5,46.5,NA
-58.5,46.5,NA
-57.5,46.5,NA
-56.5,46.5,NA
-55.5,46.5,NA
-54.5,46.5,NA
-53.5,46.5,NA
-52.5,46.5,NA
-51.5,46.5,NA
-50.5,46.5,NA
-49.5,46.5,NA
-48.5,46.5,NA
-47.5,46.5,NA
-46.5,46.5,NA
-45.5,46.5,NA
-44.5,46.5,NA
-43.5,46.5,0.403846154
-42.5,46.5,0.727272727
-41.5,46.5,0.523809524
-40.5,46.5,0.314285714
-39.5,46.5,0.489361702
-38.5,46.5,0.125
-37.5,46.5,NA
-36.5,46.5,NA
-35.5,46.5,NA
-34.5,46.5,NA
-33.5,46.5,NA
-32.5,46.5,NA
-31.5,46.5,NA
-30.5,46.5,NA
-29.5,46.5,NA
-28.5,46.5,NA
-27.5,46.5,NA
-26.5,46.5,NA
-25.5,46.5,NA
-24.5,46.5,NA
-23.5,46.5,NA
-22.5,46.5,NA
-21.5,46.5,NA
-20.5,46.5,NA
-19.5,46.5,NA
-18.5,46.5,0.470588235
-17.5,46.5,0.307692308
-16.5,46.5,0.070175439
-15.5,46.5,0.0875
-14.5,46.5,0.148148148
-13.5,46.5,0.043478261
-12.5,46.5,NA
-11.5,46.5,0.278688525
-10.5,46.5,0.596244131
-9.5,46.5,0.283687943
-8.5,46.5,0.591194969
-7.5,46.5,0.382716049
-6.5,46.5,0.845517241
-5.5,46.5,0.958589815
-4.5,46.5,0.986140725
-3.5,46.5,NA
-2.5,46.5,NA
-1.5,46.5,NA
-0.5,46.5,NA
-89.5,45.5,NA
-88.5,45.5,NA
-87.5,45.5,NA
-86.5,45.5,NA
-85.5,45.5,NA
-84.5,45.5,NA
-83.5,45.5,NA
-82.5,45.5,NA
-81.5,45.5,NA
-80.5,45.5,NA
-79.5,45.5,NA
-78.5,45.5,NA
-77.5,45.5,NA
-76.5,45.5,NA
-75.5,45.5,NA
-74.5,45.5,NA
-73.5,45.5,NA
-72.5,45.5,NA
-71.5,45.5,NA
-70.5,45.5,NA
-69.5,45.5,NA
-68.5,45.5,NA
-67.5,45.5,NA
-66.5,45.5,NA
-65.5,45.5,NA
-64.5,45.5,NA
-63.5,45.5,NA
-62.5,45.5,NA
-61.5,45.5,NA
-60.5,45.5,NA
-59.5,45.5,NA
-58.5,45.5,NA
-57.5,45.5,NA
-56.5,45.5,NA
-55.5,45.5,NA
-54.5,45.5,NA
-53.5,45.5,NA
-52.5,45.5,NA
-51.5,45.5,NA
-50.5,45.5,NA
-49.5,45.5,NA
-48.5,45.5,NA
-47.5,45.5,NA
-46.5,45.5,NA
-45.5,45.5,0.466666667
-44.5,45.5,0.772307692
-43.5,45.5,0.683309558
-42.5,45.5,0.794462194
-41.5,45.5,0.803459119
-40.5,45.5,0.709770115
-39.5,45.5,0.573839662
-38.5,45.5,0.205479452
-37.5,45.5,0.285714286
-36.5,45.5,0.230769231
-35.5,45.5,NA
-34.5,45.5,NA
-33.5,45.5,NA
-32.5,45.5,NA
-31.5,45.5,NA
-30.5,45.5,NA
-29.5,45.5,0.285714286
-28.5,45.5,0.222222222
-27.5,45.5,NA
-26.5,45.5,NA
-25.5,45.5,NA
-24.5,45.5,NA
-23.5,45.5,NA
-22.5,45.5,NA
-21.5,45.5,NA
-20.5,45.5,NA
-19.5,45.5,NA
-18.5,45.5,0.016806723
-17.5,45.5,0.113043478
-16.5,45.5,0.129032258
-15.5,45.5,0.074074074
-14.5,45.5,NA
-13.5,45.5,NA
-12.5,45.5,NA
-11.5,45.5,0.333333333
-10.5,45.5,0.66442953
-9.5,45.5,0.604166667
-8.5,45.5,0.1625
-7.5,45.5,0.704132231
-6.5,45.5,0.603588907
-5.5,45.5,0.791525424
-4.5,45.5,0.914414414
-3.5,45.5,0.621621622
-2.5,45.5,NA
-1.5,45.5,NA
-0.5,45.5,NA
-89.5,44.5,NA
-88.5,44.5,NA
-87.5,44.5,NA
-86.5,44.5,NA
-85.5,44.5,NA
-84.5,44.5,NA
-83.5,44.5,NA
-82.5,44.5,NA
-81.5,44.5,NA
-80.5,44.5,NA
-79.5,44.5,NA
-78.5,44.5,NA
-77.5,44.5,NA
-76.5,44.5,NA
-75.5,44.5,NA
-74.5,44.5,NA
-73.5,44.5,NA
-72.5,44.5,NA
-71.5,44.5,NA
-70.5,44.5,NA
-69.5,44.5,NA
-68.5,44.5,NA
-67.5,44.5,NA
-66.5,44.5,NA
-65.5,44.5,NA
-64.5,44.5,NA
-63.5,44.5,NA
-62.5,44.5,NA
-61.5,44.5,NA
-60.5,44.5,NA
-59.5,44.5,NA
-58.5,44.5,NA
-57.5,44.5,NA
-56.5,44.5,NA
-55.5,44.5,NA
-54.5,44.5,NA
-53.5,44.5,NA
-52.5,44.5,NA
-51.5,44.5,NA
-50.5,44.5,NA
-49.5,44.5,NA
-48.5,44.5,NA
-47.5,44.5,1
-46.5,44.5,1
-45.5,44.5,0.759656652
-44.5,44.5,0.745454545
-43.5,44.5,0.793433653
-42.5,44.5,0.668049793
-41.5,44.5,0.74227902
-40.5,44.5,0.60261194
-39.5,44.5,0.511749347
-38.5,44.5,0.494117647
-37.5,44.5,0.610526316
-36.5,44.5,0.447552448
-35.5,44.5,0.25
-34.5,44.5,0.265306122
-33.5,44.5,0.49122807
-32.5,44.5,0.538461538
-31.5,44.5,0.931818182
-30.5,44.5,0.611111111
-29.5,44.5,0.870967742
-28.5,44.5,0.369565217
-27.5,44.5,NA
-26.5,44.5,0.285714286
-25.5,44.5,0.111111111
-24.5,44.5,NA
-23.5,44.5,NA
-22.5,44.5,0.466666667
-21.5,44.5,0.869918699
-20.5,44.5,0.707317073
-19.5,44.5,0.823529412
-18.5,44.5,0.445945946
-17.5,44.5,0.322580645
-16.5,44.5,0.322033898
-15.5,44.5,0.273809524
-14.5,44.5,0.11627907
-13.5,44.5,0.410526316
-12.5,44.5,0.331914894
-11.5,44.5,0.225806452
-10.5,44.5,0.125
-9.5,44.5,0.676767677
-8.5,44.5,0.568345324
-7.5,44.5,0.637763371
-6.5,44.5,0.573552426
-5.5,44.5,0.591715976
-4.5,44.5,0.700757576
-3.5,44.5,0.696969697
-2.5,44.5,0.142857143
-1.5,44.5,NA
-0.5,44.5,NA
-89.5,43.5,NA
-88.5,43.5,NA
-87.5,43.5,NA
-86.5,43.5,NA
-85.5,43.5,NA
-84.5,43.5,NA
-83.5,43.5,NA
-82.5,43.5,NA
-81.5,43.5,NA
-80.5,43.5,NA
-79.5,43.5,NA
-78.5,43.5,NA
-77.5,43.5,NA
-76.5,43.5,NA
-75.5,43.5,NA
-74.5,43.5,NA
-73.5,43.5,NA
-72.5,43.5,NA
-71.5,43.5,NA
-70.5,43.5,NA
-69.5,43.5,NA
-68.5,43.5,NA
-67.5,43.5,NA
-66.5,43.5,NA
-65.5,43.5,NA
-64.5,43.5,NA
-63.5,43.5,NA
-62.5,43.5,NA
-61.5,43.5,NA
-60.5,43.5,NA
-59.5,43.5,NA
-58.5,43.5,NA
-57.5,43.5,NA
-56.5,43.5,NA
-55.5,43.5,NA
-54.5,43.5,NA
-53.5,43.5,NA
-52.5,43.5,NA
-51.5,43.5,NA
-50.5,43.5,NA
-49.5,43.5,NA
-48.5,43.5,NA
-47.5,43.5,0.975
-46.5,43.5,0.81530343
-45.5,43.5,0.798394291
-44.5,43.5,0.794372294
-43.5,43.5,0.801941748
-42.5,43.5,0.768683274
-41.5,43.5,0.639599555
-40.5,43.5,0.729756098
-39.5,43.5,0.677419355
-38.5,43.5,0.490835031
-37.5,43.5,0.527859238
-36.5,43.5,0.518987342
-35.5,43.5,0.479564033
-34.5,43.5,0.721649485
-33.5,43.5,0.620209059
-32.5,43.5,0.435483871
-31.5,43.5,0.497142857
-30.5,43.5,0.395939086
-29.5,43.5,0.355932203
-28.5,43.5,0.557755776
-27.5,43.5,0.536398467
-26.5,43.5,0.709923664
-25.5,43.5,0.506578947
-24.5,43.5,0.650485437
-23.5,43.5,0.658682635
-22.5,43.5,0.806526807
-21.5,43.5,0.803030303
-20.5,43.5,0.859007833
-19.5,43.5,0.731481481
-18.5,43.5,0.606741573
-17.5,43.5,0.705035971
-16.5,43.5,0.195488722
-15.5,43.5,0.440677966
-14.5,43.5,0.82112069
-13.5,43.5,0.623684211
-12.5,43.5,0.365296804
-11.5,43.5,0.187969925
-10.5,43.5,0.228571429
-9.5,43.5,0.869565217
-8.5,43.5,0.177884615
-7.5,43.5,0.351351351
-6.5,43.5,0.313084112
-5.5,43.5,0.297297297
-4.5,43.5,1
-3.5,43.5,0.972972973
-2.5,43.5,NA
-1.5,43.5,NA
-0.5,43.5,NA
-89.5,42.5,NA
-88.5,42.5,NA
-87.5,42.5,NA
-86.5,42.5,NA
-85.5,42.5,NA
-84.5,42.5,NA
-83.5,42.5,NA
-82.5,42.5,NA
-81.5,42.5,NA
-80.5,42.5,NA
-79.5,42.5,NA
-78.5,42.5,NA
-77.5,42.5,NA
-76.5,42.5,NA
-75.5,42.5,NA
-74.5,42.5,NA
-73.5,42.5,NA
-72.5,42.5,NA
-71.5,42.5,NA
-70.5,42.5,NA
-69.5,42.5,NA
-68.5,42.5,NA
-67.5,42.5,NA
-66.5,42.5,NA
-65.5,42.5,NA
-64.5,42.5,NA
-63.5,42.5,NA
-62.5,42.5,NA
-61.5,42.5,NA
-60.5,42.5,NA
-59.5,42.5,NA
-58.5,42.5,NA
-57.5,42.5,NA
-56.5,42.5,NA
-55.5,42.5,NA
-54.5,42.5,NA
-53.5,42.5,NA
-52.5,42.5,NA
-51.5,42.5,0.571428571
-50.5,42.5,NA
-49.5,42.5,NA
-48.5,42.5,0.564516129
-47.5,42.5,0.79795022
-46.5,42.5,0.80017762
-45.5,42.5,0.802758621
-44.5,42.5,0.718341851
-43.5,42.5,0.703241895
-42.5,42.5,0.751249306
-41.5,42.5,0.675159236
-40.5,42.5,0.580327869
-39.5,42.5,0.691099476
-38.5,42.5,0.605009634
-37.5,42.5,0.484513274
-36.5,42.5,0.414414414
-35.5,42.5,0.525040388
-34.5,42.5,0.576642336
-33.5,42.5,0.561200924
-32.5,42.5,0.388206388
-31.5,42.5,0.435483871
-30.5,42.5,0.469230769
-29.5,42.5,0.526153846
-28.5,42.5,0.559834938
-27.5,42.5,0.704775687
-26.5,42.5,0.703470032
-25.5,42.5,0.468965517
-24.5,42.5,0.417218543
-23.5,42.5,0.705202312
-22.5,42.5,0.834123223
-21.5,42.5,0.813285458
-20.5,42.5,0.906128405
-19.5,42.5,0.734285714
-18.5,42.5,0.588777219
-17.5,42.5,0.659502262
-16.5,42.5,0.772030651
-15.5,42.5,0.908387864
-14.5,42.5,0.72039072
-13.5,42.5,0.576315789
-12.5,42.5,0.579096045
-11.5,42.5,0.544600939
-10.5,42.5,0.208333333
-9.5,42.5,0.178571429
-8.5,42.5,NA
-7.5,42.5,NA
-6.5,42.5,NA
-5.5,42.5,NA
-4.5,42.5,NA
-3.5,42.5,NA
-2.5,42.5,NA
-1.5,42.5,NA
-0.5,42.5,NA
-89.5,41.5,NA
-88.5,41.5,NA
-87.5,41.5,NA
-86.5,41.5,NA
-85.5,41.5,NA
-84.5,41.5,NA
-83.5,41.5,NA
-82.5,41.5,NA
-81.5,41.5,NA
-80.5,41.5,NA
-79.5,41.5,NA
-78.5,41.5,NA
-77.5,41.5,NA
-76.5,41.5,NA
-75.5,41.5,NA
-74.5,41.5,NA
-73.5,41.5,NA
-72.5,41.5,NA
-71.5,41.5,NA
-70.5,41.5,NA
-69.5,41.5,NA
-68.5,41.5,NA
-67.5,41.5,NA
-66.5,41.5,NA
-65.5,41.5,NA
-64.5,41.5,NA
-63.5,41.5,NA
-62.5,41.5,NA
-61.5,41.5,NA
-60.5,41.5,NA
-59.5,41.5,NA
-58.5,41.5,NA
-57.5,41.5,NA
-56.5,41.5,NA
-55.5,41.5,NA
-54.5,41.5,NA
-53.5,41.5,NA
-52.5,41.5,0.5
-51.5,41.5,0.736363636
-50.5,41.5,0.810747664
-49.5,41.5,0.863513514
-48.5,41.5,0.837623762
-47.5,41.5,0.767579571
-46.5,41.5,0.752047655
-45.5,41.5,0.721485411
-44.5,41.5,0.795368875
-43.5,41.5,0.742156863
-42.5,41.5,0.688705234
-41.5,41.5,0.594178082
-40.5,41.5,0.542889391
-39.5,41.5,0.607190413
-38.5,41.5,0.555752212
-37.5,41.5,0.56568779
-36.5,41.5,0.613861386
-35.5,41.5,0.461997019
-34.5,41.5,0.556998557
-33.5,41.5,0.604972376
-32.5,41.5,0.430879713
-31.5,41.5,0.380116959
-30.5,41.5,0.609195402
-29.5,41.5,0.631111111
-28.5,41.5,0.643037975
-27.5,41.5,0.743506494
-26.5,41.5,0.757455268
-25.5,41.5,0.652724968
-24.5,41.5,0.591397849
-23.5,41.5,0.594080338
-22.5,41.5,0.801317234
-21.5,41.5,0.744019139
-20.5,41.5,0.73812882
-19.5,41.5,0.859758821
-18.5,41.5,0.850198413
-17.5,41.5,0.815768931
-16.5,41.5,0.86036961
-15.5,41.5,0.82585752
-14.5,41.5,0.596610169
-13.5,41.5,0.689411765
-12.5,41.5,0.354037267
-11.5,41.5,0.437125749
-10.5,41.5,NA
-9.5,41.5,0.199318569
-8.5,41.5,0.8
-7.5,41.5,NA
-6.5,41.5,NA
-5.5,41.5,NA
-4.5,41.5,NA
-3.5,41.5,NA
-2.5,41.5,NA
-1.5,41.5,NA
-0.5,41.5,NA
-89.5,40.5,NA
-88.5,40.5,NA
-87.5,40.5,NA
-86.5,40.5,NA
-85.5,40.5,NA
-84.5,40.5,NA
-83.5,40.5,NA
-82.5,40.5,NA
-81.5,40.5,NA
-80.5,40.5,NA
-79.5,40.5,NA
-78.5,40.5,NA
-77.5,40.5,NA
-76.5,40.5,NA
-75.5,40.5,NA
-74.5,40.5,NA
-73.5,40.5,NA
-72.5,40.5,NA
-71.5,40.5,NA
-70.5,40.5,NA
-69.5,40.5,NA
-68.5,40.5,NA
-67.5,40.5,NA
-66.5,40.5,NA
-65.5,40.5,NA
-64.5,40.5,NA
-63.5,40.5,NA
-62.5,40.5,NA
-61.5,40.5,NA
-60.5,40.5,NA
-59.5,40.5,NA
-58.5,40.5,1
-57.5,40.5,1
-56.5,40.5,NA
-55.5,40.5,NA
-54.5,40.5,0.035714286
-53.5,40.5,0.368421053
-52.5,40.5,0.493023256
-51.5,40.5,0.328502415
-50.5,40.5,0.510204082
-49.5,40.5,0.548888889
-48.5,40.5,0.47629548
-47.5,40.5,0.695099819
-46.5,40.5,0.728723404
-45.5,40.5,0.662428481
-44.5,40.5,0.728791774
-43.5,40.5,0.727325581
-42.5,40.5,0.643589744
-41.5,40.5,0.621276596
-40.5,40.5,0.657621708
-39.5,40.5,0.625557207
-38.5,40.5,0.663430421
-37.5,40.5,0.697730956
-36.5,40.5,0.660841938
-35.5,40.5,0.551607445
-34.5,40.5,0.623222749
-33.5,40.5,0.533769063
-32.5,40.5,0.340425532
-31.5,40.5,0.238095238
-30.5,40.5,0.62962963
-29.5,40.5,0.325581395
-28.5,40.5,0.714285714
-27.5,40.5,0.873812754
-26.5,40.5,0.710122699
-25.5,40.5,0.6433942
-24.5,40.5,0.525119617
-23.5,40.5,0.661928934
-22.5,40.5,0.786944696
-21.5,40.5,0.842225114
-20.5,40.5,0.731793961
-19.5,40.5,0.652230971
-18.5,40.5,0.820097245
-17.5,40.5,0.77136515
-16.5,40.5,0.640986133
-15.5,40.5,0.482089552
-14.5,40.5,0.597122302
-13.5,40.5,0.206997085
-12.5,40.5,0.319634703
-11.5,40.5,0.469879518
-10.5,40.5,0.662995595
-9.5,40.5,0.830567686
-8.5,40.5,NA
-7.5,40.5,NA
-6.5,40.5,NA
-5.5,40.5,NA
-4.5,40.5,NA
-3.5,40.5,NA
-2.5,40.5,NA
-1.5,40.5,NA
-0.5,40.5,NA
-89.5,39.5,NA
-88.5,39.5,NA
-87.5,39.5,NA
-86.5,39.5,NA
-85.5,39.5,NA
-84.5,39.5,NA
-83.5,39.5,NA
-82.5,39.5,NA
-81.5,39.5,NA
-80.5,39.5,NA
-79.5,39.5,NA
-78.5,39.5,NA
-77.5,39.5,NA
-76.5,39.5,NA
-75.5,39.5,NA
-74.5,39.5,NA
-73.5,39.5,NA
-72.5,39.5,NA
-71.5,39.5,NA
-70.5,39.5,NA
-69.5,39.5,NA
-68.5,39.5,NA
-67.5,39.5,NA
-66.5,39.5,NA
-65.5,39.5,NA
-64.5,39.5,NA
-63.5,39.5,NA
-62.5,39.5,NA
-61.5,39.5,NA
-60.5,39.5,NA
-59.5,39.5,1
-58.5,39.5,1
-57.5,39.5,1
-56.5,39.5,0.658536585
-55.5,39.5,0.314285714
-54.5,39.5,0.230769231
-53.5,39.5,0.59
-52.5,39.5,0.588571429
-51.5,39.5,0.554307116
-50.5,39.5,0.710465116
-49.5,39.5,0.565523307
-48.5,39.5,0.574127907
-47.5,39.5,0.583198708
-46.5,39.5,0.653282345
-45.5,39.5,0.637804188
-44.5,39.5,0.625628141
-43.5,39.5,0.713060057
-42.5,39.5,0.709489051
-41.5,39.5,0.657583548
-40.5,39.5,0.687079408
-39.5,39.5,0.690865094
-38.5,39.5,0.706855792
-37.5,39.5,0.637660485
-36.5,39.5,0.583138173
-35.5,39.5,0.577557756
-34.5,39.5,0.683257919
-33.5,39.5,0.516587678
-32.5,39.5,0.730769231
-31.5,39.5,0.778501629
-30.5,39.5,0.774086379
-29.5,39.5,0.677290837
-28.5,39.5,0.528795812
-27.5,39.5,0.768421053
-26.5,39.5,0.545150502
-25.5,39.5,0.667364017
-24.5,39.5,0.493457944
-23.5,39.5,0.557319224
-22.5,39.5,0.532483303
-21.5,39.5,0.711814346
-20.5,39.5,0.774738783
-19.5,39.5,0.715503876
-18.5,39.5,0.762182203
-17.5,39.5,0.738636364
-16.5,39.5,0.770797963
-15.5,39.5,0.551724138
-14.5,39.5,0.24519774
-13.5,39.5,0.32244898
-12.5,39.5,0.449594438
-11.5,39.5,0.352212389
-10.5,39.5,0.687359424
-9.5,39.5,0.671179884
-8.5,39.5,NA
-7.5,39.5,NA
-6.5,39.5,NA
-5.5,39.5,NA
-4.5,39.5,NA
-3.5,39.5,NA
-2.5,39.5,NA
-1.5,39.5,NA
-0.5,39.5,NA
-89.5,38.5,NA
-88.5,38.5,NA
-87.5,38.5,NA
-86.5,38.5,NA
-85.5,38.5,NA
-84.5,38.5,NA
-83.5,38.5,NA
-82.5,38.5,NA
-81.5,38.5,NA
-80.5,38.5,NA
-79.5,38.5,NA
-78.5,38.5,NA
-77.5,38.5,NA
-76.5,38.5,NA
-75.5,38.5,NA
-74.5,38.5,NA
-73.5,38.5,NA
-72.5,38.5,NA
-71.5,38.5,NA
-70.5,38.5,NA
-69.5,38.5,NA
-68.5,38.5,NA
-67.5,38.5,NA
-66.5,38.5,NA
-65.5,38.5,NA
-64.5,38.5,NA
-63.5,38.5,NA
-62.5,38.5,1
-61.5,38.5,0.583333333
-60.5,38.5,1
-59.5,38.5,0.615384615
-58.5,38.5,0.852631579
-57.5,38.5,0.596491228
-56.5,38.5,0.781758958
-55.5,38.5,0.656534954
-54.5,38.5,0.543478261
-53.5,38.5,0.67699115
-52.5,38.5,0.714285714
-51.5,38.5,0.64838256
-50.5,38.5,0.67839196
-49.5,38.5,0.756175299
-48.5,38.5,0.633053221
-47.5,38.5,0.677934849
-46.5,38.5,0.763628434
-45.5,38.5,0.742071882
-44.5,38.5,0.65943945
-43.5,38.5,0.706516414
-42.5,38.5,0.731159101
-41.5,38.5,0.697959184
-40.5,38.5,0.684489148
-39.5,38.5,0.665650849
-38.5,38.5,0.583143508
-37.5,38.5,0.607625483
-36.5,38.5,0.663812785
-35.5,38.5,0.666111574
-34.5,38.5,0.544776119
-33.5,38.5,0.492481203
-32.5,38.5,0.630952381
-31.5,38.5,0.901960784
-30.5,38.5,0.868393782
-29.5,38.5,0.803717879
-28.5,38.5,0.669477234
-27.5,38.5,0.243276284
-26.5,38.5,0.469387755
-25.5,38.5,0.506206897
-24.5,38.5,0.196428571
-23.5,38.5,0.789333333
-22.5,38.5,0.672716273
-21.5,38.5,0.788822526
-20.5,38.5,0.714832869
-19.5,38.5,0.5440468
-18.5,38.5,0.624245239
-17.5,38.5,0.738418669
-16.5,38.5,0.700677845
-15.5,38.5,0.690004218
-14.5,38.5,0.572533849
-13.5,38.5,0.61123348
-12.5,38.5,0.541963796
-11.5,38.5,0.568656716
-10.5,38.5,0.731142014
-9.5,38.5,0.384615385
-8.5,38.5,NA
-7.5,38.5,NA
-6.5,38.5,NA
-5.5,38.5,NA
-4.5,38.5,NA
-3.5,38.5,NA
-2.5,38.5,NA
-1.5,38.5,NA
-0.5,38.5,NA
-89.5,37.5,NA
-88.5,37.5,NA
-87.5,37.5,NA
-86.5,37.5,NA
-85.5,37.5,NA
-84.5,37.5,NA
-83.5,37.5,NA
-82.5,37.5,NA
-81.5,37.5,NA
-80.5,37.5,NA
-79.5,37.5,NA
-78.5,37.5,NA
-77.5,37.5,NA
-76.5,37.5,NA
-75.5,37.5,NA
-74.5,37.5,NA
-73.5,37.5,NA
-72.5,37.5,NA
-71.5,37.5,NA
-70.5,37.5,NA
-69.5,37.5,NA
-68.5,37.5,NA
-67.5,37.5,NA
-66.5,37.5,NA
-65.5,37.5,NA
-64.5,37.5,NA
-63.5,37.5,NA
-62.5,37.5,NA
-61.5,37.5,0.87804878
-60.5,37.5,0.845637584
-59.5,37.5,0.724137931
-58.5,37.5,0.81496063
-57.5,37.5,0.768211921
-56.5,37.5,0.781052632
-55.5,37.5,0.778461538
-54.5,37.5,0.657474601
-53.5,37.5,0.650793651
-52.5,37.5,0.664
-51.5,37.5,0.640102828
-50.5,37.5,0.675728155
-49.5,37.5,0.682426405
-48.5,37.5,0.742482652
-47.5,37.5,0.734364492
-46.5,37.5,0.757602085
-45.5,37.5,0.784296029
-44.5,37.5,0.645948435
-43.5,37.5,0.6866461
-42.5,37.5,0.652596032
-41.5,37.5,0.71954023
-40.5,37.5,0.700318327
-39.5,37.5,0.637726098
-38.5,37.5,0.604373757
-37.5,37.5,0.613666229
-36.5,37.5,0.622166247
-35.5,37.5,0.634538153
-34.5,37.5,0.649821641
-33.5,37.5,0.688126649
-32.5,37.5,0.645232816
-31.5,37.5,0.624375
-30.5,37.5,0.725475285
-29.5,37.5,0.725969646
-28.5,37.5,0.648508431
-27.5,37.5,0.753462604
-26.5,37.5,0.709745763
-25.5,37.5,0.588235294
-24.5,37.5,0.806451613
-23.5,37.5,0.839884947
-22.5,37.5,0.714285714
-21.5,37.5,0.819369369
-20.5,37.5,0.710646823
-19.5,37.5,0.641931684
-18.5,37.5,0.733131619
-17.5,37.5,0.736274756
-16.5,37.5,0.802287582
-15.5,37.5,0.845465394
-14.5,37.5,0.731284658
-13.5,37.5,0.77460556
-12.5,37.5,0.851730077
-11.5,37.5,0.762245168
-10.5,37.5,0.570910739
-9.5,37.5,0.506442022
-8.5,37.5,NA
-7.5,37.5,NA
-6.5,37.5,NA
-5.5,37.5,NA
-4.5,37.5,NA
-3.5,37.5,NA
-2.5,37.5,NA
-1.5,37.5,NA
-0.5,37.5,NA
-89.5,36.5,NA
-88.5,36.5,NA
-87.5,36.5,NA
-86.5,36.5,NA
-85.5,36.5,NA
-84.5,36.5,NA
-83.5,36.5,NA
-82.5,36.5,NA
-81.5,36.5,NA
-80.5,36.5,NA
-79.5,36.5,NA
-78.5,36.5,NA
-77.5,36.5,NA
-76.5,36.5,NA
-75.5,36.5,NA
-74.5,36.5,NA
-73.5,36.5,NA
-72.5,36.5,NA
-71.5,36.5,NA
-70.5,36.5,NA
-69.5,36.5,NA
-68.5,36.5,NA
-67.5,36.5,NA
-66.5,36.5,NA
-65.5,36.5,NA
-64.5,36.5,NA
-63.5,36.5,NA
-62.5,36.5,NA
-61.5,36.5,0.923076923
-60.5,36.5,0.905882353
-59.5,36.5,0.676056338
-58.5,36.5,0.742105263
-57.5,36.5,0.833787466
-56.5,36.5,0.693333333
-55.5,36.5,0.614100186
-54.5,36.5,0.638190955
-53.5,36.5,0.730519481
-52.5,36.5,0.771816881
-51.5,36.5,0.724137931
-50.5,36.5,0.67260274
-49.5,36.5,0.692679002
-48.5,36.5,0.651834504
-47.5,36.5,0.722653915
-46.5,36.5,0.735327103
-45.5,36.5,0.741078838
-44.5,36.5,0.731444533
-43.5,36.5,0.684132477
-42.5,36.5,0.61047836
-41.5,36.5,0.584708949
-40.5,36.5,0.681879801
-39.5,36.5,0.592072253
-38.5,36.5,0.594186047
-37.5,36.5,0.617960426
-36.5,36.5,0.690869878
-35.5,36.5,0.636018237
-34.5,36.5,0.552941176
-33.5,36.5,0.619927863
-32.5,36.5,0.574573473
-31.5,36.5,0.594256259
-30.5,36.5,0.633952255
-29.5,36.5,0.533498759
-28.5,36.5,0.520689655
-27.5,36.5,0.501992032
-26.5,36.5,0.935897436
-25.5,36.5,0.866028708
-24.5,36.5,0.917231001
-23.5,36.5,0.925672372
-22.5,36.5,0.887182701
-21.5,36.5,0.867638484
-20.5,36.5,0.896193772
-19.5,36.5,0.832407407
-18.5,36.5,0.846872082
-17.5,36.5,0.812756385
-16.5,36.5,0.877471214
-15.5,36.5,0.869882961
-14.5,36.5,0.822347721
-13.5,36.5,0.849335644
-12.5,36.5,0.770191122
-11.5,36.5,0.692769321
-10.5,36.5,0.85242096
-9.5,36.5,0.824281655
-8.5,36.5,0.55734072
-7.5,36.5,0.418260556
-6.5,36.5,0.430863254
-5.5,36.5,NA
-4.5,36.5,NA
-3.5,36.5,NA
-2.5,36.5,NA
-1.5,36.5,NA
-0.5,36.5,NA
-89.5,35.5,NA
-88.5,35.5,NA
-87.5,35.5,NA
-86.5,35.5,NA
-85.5,35.5,NA
-84.5,35.5,NA
-83.5,35.5,NA
-82.5,35.5,NA
-81.5,35.5,NA
-80.5,35.5,NA
-79.5,35.5,NA
-78.5,35.5,NA
-77.5,35.5,NA
-76.5,35.5,NA
-75.5,35.5,NA
-74.5,35.5,NA
-73.5,35.5,NA
-72.5,35.5,NA
-71.5,35.5,NA
-70.5,35.5,NA
-69.5,35.5,NA
-68.5,35.5,NA
-67.5,35.5,NA
-66.5,35.5,NA
-65.5,35.5,NA
-64.5,35.5,NA
-63.5,35.5,NA
-62.5,35.5,NA
-61.5,35.5,0.8125
-60.5,35.5,0.444444444
-59.5,35.5,0.657142857
-58.5,35.5,0.642857143
-57.5,35.5,0.460526316
-56.5,35.5,0.460829493
-55.5,35.5,0.531746032
-54.5,35.5,0.627749577
-53.5,35.5,0.653532609
-52.5,35.5,0.695381883
-51.5,35.5,0.757884972
-50.5,35.5,0.746384872
-49.5,35.5,0.696557971
-48.5,35.5,0.750572082
-47.5,35.5,0.657243816
-46.5,35.5,0.72023019
-45.5,35.5,0.738918259
-44.5,35.5,0.677528565
-43.5,35.5,0.686536485
-42.5,35.5,0.688752784
-41.5,35.5,0.676470588
-40.5,35.5,0.691161357
-39.5,35.5,0.655085599
-38.5,35.5,0.653820598
-37.5,35.5,0.622103387
-36.5,35.5,0.597210829
-35.5,35.5,0.627981947
-34.5,35.5,0.600243013
-33.5,35.5,0.619710468
-32.5,35.5,0.538074713
-31.5,35.5,0.515625
-30.5,35.5,0.633251834
-29.5,35.5,0.512582781
-28.5,35.5,0.4125
-27.5,35.5,0.624778761
-26.5,35.5,0.532467532
-25.5,35.5,0.657142857
-24.5,35.5,0.099009901
-23.5,35.5,0.202672606
-22.5,35.5,0.352459016
-21.5,35.5,0.781788351
-20.5,35.5,0.63622975
-19.5,35.5,0.813747228
-18.5,35.5,0.801932367
-17.5,35.5,0.687277896
-16.5,35.5,0.646065518
-15.5,35.5,0.769440369
-14.5,35.5,0.835306781
-13.5,35.5,0.790797218
-12.5,35.5,0.723613963
-11.5,35.5,0.662817552
-10.5,35.5,0.767139138
-9.5,35.5,0.579659706
-8.5,35.5,0.454183267
-7.5,35.5,0.408925319
-6.5,35.5,0.198113208
-5.5,35.5,NA
-4.5,35.5,NA
-3.5,35.5,NA
-2.5,35.5,NA
-1.5,35.5,NA
-0.5,35.5,NA
-89.5,34.5,NA
-88.5,34.5,NA
-87.5,34.5,NA
-86.5,34.5,NA
-85.5,34.5,NA
-84.5,34.5,NA
-83.5,34.5,NA
-82.5,34.5,NA
-81.5,34.5,NA
-80.5,34.5,NA
-79.5,34.5,NA
-78.5,34.5,NA
-77.5,34.5,NA
-76.5,34.5,NA
-75.5,34.5,NA
-74.5,34.5,NA
-73.5,34.5,NA
-72.5,34.5,NA
-71.5,34.5,NA
-70.5,34.5,NA
-69.5,34.5,NA
-68.5,34.5,NA
-67.5,34.5,NA
-66.5,34.5,NA
-65.5,34.5,NA
-64.5,34.5,NA
-63.5,34.5,NA
-62.5,34.5,NA
-61.5,34.5,1
-60.5,34.5,0.363636364
-59.5,34.5,0.333333333
-58.5,34.5,0.709677419
-57.5,34.5,0.637096774
-56.5,34.5,0.690217391
-55.5,34.5,0.692682927
-54.5,34.5,0.813449024
-53.5,34.5,0.677298311
-52.5,34.5,0.66992665
-51.5,34.5,0.575060533
-50.5,34.5,0.689128482
-49.5,34.5,0.661458333
-48.5,34.5,0.633935585
-47.5,34.5,0.635709614
-46.5,34.5,0.675434476
-45.5,34.5,0.655988858
-44.5,34.5,0.625724218
-43.5,34.5,0.648322148
-42.5,34.5,0.569585253
-41.5,34.5,0.60130719
-40.5,34.5,0.684104628
-39.5,34.5,0.606984127
-38.5,34.5,0.634456929
-37.5,34.5,0.588932806
-36.5,34.5,0.606772633
-35.5,34.5,0.636956522
-34.5,34.5,0.609958506
-33.5,34.5,0.545836838
-32.5,34.5,0.576020851
-31.5,34.5,0.554404145
-30.5,34.5,0.565162907
-29.5,34.5,0.458333333
-28.5,34.5,0.398744113
-27.5,34.5,0.43431221
-26.5,34.5,0.467640919
-25.5,34.5,0.261845387
-24.5,34.5,0.249211356
-23.5,34.5,0.244047619
-22.5,34.5,0.152083333
-21.5,34.5,0.229885057
-20.5,34.5,0.415282392
-19.5,34.5,0.670781893
-18.5,34.5,0.511961722
-17.5,34.5,0.158333333
-16.5,34.5,0.324590164
-15.5,34.5,0.368421053
-14.5,34.5,0.351515152
-13.5,34.5,0.758823529
-12.5,34.5,0.570881226
-11.5,34.5,0.72611465
-10.5,34.5,0.351351351
-9.5,34.5,NA
-8.5,34.5,NA
-7.5,34.5,NA
-6.5,34.5,NA
-5.5,34.5,NA
-4.5,34.5,NA
-3.5,34.5,NA
-2.5,34.5,NA
-1.5,34.5,NA
-0.5,34.5,NA
-89.5,33.5,NA
-88.5,33.5,NA
-87.5,33.5,NA
-86.5,33.5,NA
-85.5,33.5,NA
-84.5,33.5,NA
-83.5,33.5,NA
-82.5,33.5,NA
-81.5,33.5,NA
-80.5,33.5,NA
-79.5,33.5,NA
-78.5,33.5,NA
-77.5,33.5,NA
-76.5,33.5,NA
-75.5,33.5,NA
-74.5,33.5,NA
-73.5,33.5,NA
-72.5,33.5,NA
-71.5,33.5,NA
-70.5,33.5,NA
-69.5,33.5,NA
-68.5,33.5,NA
-67.5,33.5,NA
-66.5,33.5,NA
-65.5,33.5,NA
-64.5,33.5,NA
-63.5,33.5,NA
-62.5,33.5,NA
-61.5,33.5,NA
-60.5,33.5,NA
-59.5,33.5,0.763157895
-58.5,33.5,0.64516129
-57.5,33.5,0.795275591
-56.5,33.5,0.572815534
-55.5,33.5,0.621359223
-54.5,33.5,0.565340909
-53.5,33.5,0.690821256
-52.5,33.5,0.494089835
-51.5,33.5,0.66122449
-50.5,33.5,0.622192867
-49.5,33.5,0.658298466
-48.5,33.5,0.555840822
-47.5,33.5,0.550855992
-46.5,33.5,0.63539283
-45.5,33.5,0.6
-44.5,33.5,0.591808874
-43.5,33.5,0.591160221
-42.5,33.5,0.637134052
-41.5,33.5,0.530103806
-40.5,33.5,0.588010899
-39.5,33.5,0.589256647
-38.5,33.5,0.577981651
-37.5,33.5,0.53883792
-36.5,33.5,0.686540732
-35.5,33.5,0.658705217
-34.5,33.5,0.631095406
-33.5,33.5,0.605034722
-32.5,33.5,0.511130899
-31.5,33.5,0.513213981
-30.5,33.5,0.673314993
-29.5,33.5,0.733576642
-28.5,33.5,0.556155508
-27.5,33.5,0.472457627
-26.5,33.5,0.365914787
-25.5,33.5,0.469879518
-24.5,33.5,0.454810496
-23.5,33.5,0.331081081
-22.5,33.5,0.394495413
-21.5,33.5,0.508522727
-20.5,33.5,0.26073132
-19.5,33.5,0.610859729
-18.5,33.5,NA
-17.5,33.5,NA
-16.5,33.5,NA
-15.5,33.5,NA
-14.5,33.5,0.12195122
-13.5,33.5,NA
-12.5,33.5,NA
-11.5,33.5,NA
-10.5,33.5,NA
-9.5,33.5,NA
-8.5,33.5,NA
-7.5,33.5,NA
-6.5,33.5,NA
-5.5,33.5,NA
-4.5,33.5,NA
-3.5,33.5,NA
-2.5,33.5,NA
-1.5,33.5,NA
-0.5,33.5,NA
-89.5,32.5,NA
-88.5,32.5,NA
-87.5,32.5,NA
-86.5,32.5,NA
-85.5,32.5,NA
-84.5,32.5,NA
-83.5,32.5,NA
-82.5,32.5,NA
-81.5,32.5,NA
-80.5,32.5,NA
-79.5,32.5,NA
-78.5,32.5,NA
-77.5,32.5,NA
-76.5,32.5,NA
-75.5,32.5,NA
-74.5,32.5,NA
-73.5,32.5,NA
-72.5,32.5,NA
-71.5,32.5,NA
-70.5,32.5,NA
-69.5,32.5,NA
-68.5,32.5,NA
-67.5,32.5,NA
-66.5,32.5,NA
-65.5,32.5,NA
-64.5,32.5,NA
-63.5,32.5,NA
-62.5,32.5,NA
-61.5,32.5,NA
-60.5,32.5,NA
-59.5,32.5,NA
-58.5,32.5,NA
-57.5,32.5,NA
-56.5,32.5,0.6
-55.5,32.5,0.896825397
-54.5,32.5,0.466063348
-53.5,32.5,0.686900958
-52.5,32.5,0.661938534
-51.5,32.5,0.746575342
-50.5,32.5,0.737169518
-49.5,32.5,0.624210526
-48.5,32.5,0.749460043
-47.5,32.5,0.6628734
-46.5,32.5,0.712378641
-45.5,32.5,0.636449481
-44.5,32.5,0.605394605
-43.5,32.5,0.669954476
-42.5,32.5,0.661849711
-41.5,32.5,0.620737648
-40.5,32.5,0.689538043
-39.5,32.5,0.682576193
-38.5,32.5,0.627773801
-37.5,32.5,0.626062323
-36.5,32.5,0.675070028
-35.5,32.5,0.679521277
-34.5,32.5,0.683319903
-33.5,32.5,0.504770165
-32.5,32.5,0.511271416
-31.5,32.5,0.580781415
-30.5,32.5,0.585748792
-29.5,32.5,0.601615074
-28.5,32.5,0.580808081
-27.5,32.5,0.464041096
-26.5,32.5,0.297546012
-25.5,32.5,0.347222222
-24.5,32.5,0.518181818
-23.5,32.5,0.34
-22.5,32.5,0.738916256
-21.5,32.5,0.605333333
-20.5,32.5,0.331491713
-19.5,32.5,0.248826291
-18.5,32.5,NA
-17.5,32.5,NA
-16.5,32.5,NA
-15.5,32.5,NA
-14.5,32.5,NA
-13.5,32.5,0.177419355
-12.5,32.5,0.034482759
-11.5,32.5,NA
-10.5,32.5,NA
-9.5,32.5,NA
-8.5,32.5,NA
-7.5,32.5,NA
-6.5,32.5,NA
-5.5,32.5,NA
-4.5,32.5,NA
-3.5,32.5,NA
-2.5,32.5,NA
-1.5,32.5,NA
-0.5,32.5,NA
-89.5,31.5,NA
-88.5,31.5,NA
-87.5,31.5,NA
-86.5,31.5,NA
-85.5,31.5,NA
-84.5,31.5,NA
-83.5,31.5,NA
-82.5,31.5,NA
-81.5,31.5,NA
-80.5,31.5,NA
-79.5,31.5,NA
-78.5,31.5,NA
-77.5,31.5,NA
-76.5,31.5,NA
-75.5,31.5,NA
-74.5,31.5,NA
-73.5,31.5,NA
-72.5,31.5,NA
-71.5,31.5,NA
-70.5,31.5,NA
-69.5,31.5,NA
-68.5,31.5,NA
-67.5,31.5,NA
-66.5,31.5,NA
-65.5,31.5,NA
-64.5,31.5,NA
-63.5,31.5,NA
-62.5,31.5,NA
-61.5,31.5,NA
-60.5,31.5,NA
-59.5,31.5,NA
-58.5,31.5,NA
-57.5,31.5,NA
-56.5,31.5,NA
-55.5,31.5,0.090909091
-54.5,31.5,0.434782609
-53.5,31.5,0.5078125
-52.5,31.5,0.511312217
-51.5,31.5,0.756272401
-50.5,31.5,0.680371353
-49.5,31.5,0.636091725
-48.5,31.5,0.619377163
-47.5,31.5,0.699748744
-46.5,31.5,0.761760243
-45.5,31.5,0.642140468
-44.5,31.5,0.587604291
-43.5,31.5,0.598371777
-42.5,31.5,0.556346382
-41.5,31.5,0.595744681
-40.5,31.5,0.658873539
-39.5,31.5,0.665395615
-38.5,31.5,0.683957733
-37.5,31.5,0.601054482
-36.5,31.5,0.582554517
-35.5,31.5,0.605459057
-34.5,31.5,0.655270655
-33.5,31.5,0.594086022
-32.5,31.5,0.641509434
-31.5,31.5,0.604856512
-30.5,31.5,0.533969011
-29.5,31.5,0.588304094
-28.5,31.5,0.699152542
-27.5,31.5,0.583032491
-26.5,31.5,0.381909548
-25.5,31.5,0.299401198
-24.5,31.5,0.324137931
-23.5,31.5,0.312
-22.5,31.5,0.345454545
-21.5,31.5,0.461538462
-20.5,31.5,0.409722222
-19.5,31.5,0.103846154
-18.5,31.5,0.092436975
-17.5,31.5,NA
-16.5,31.5,NA
-15.5,31.5,NA
-14.5,31.5,0.194444444
-13.5,31.5,0.287401575
-12.5,31.5,0.087557604
-11.5,31.5,NA
-10.5,31.5,NA
-9.5,31.5,NA
-8.5,31.5,NA
-7.5,31.5,NA
-6.5,31.5,NA
-5.5,31.5,NA
-4.5,31.5,NA
-3.5,31.5,NA
-2.5,31.5,NA
-1.5,31.5,NA
-0.5,31.5,NA
-89.5,30.5,NA
-88.5,30.5,NA
-87.5,30.5,NA
-86.5,30.5,NA
-85.5,30.5,NA
-84.5,30.5,NA
-83.5,30.5,NA
-82.5,30.5,NA
-81.5,30.5,NA
-80.5,30.5,NA
-79.5,30.5,NA
-78.5,30.5,NA
-77.5,30.5,NA
-76.5,30.5,NA
-75.5,30.5,NA
-74.5,30.5,NA
-73.5,30.5,NA
-72.5,30.5,NA
-71.5,30.5,NA
-70.5,30.5,NA
-69.5,30.5,NA
-68.5,30.5,NA
-67.5,30.5,NA
-66.5,30.5,NA
-65.5,30.5,NA
-64.5,30.5,NA
-63.5,30.5,NA
-62.5,30.5,NA
-61.5,30.5,NA
-60.5,30.5,NA
-59.5,30.5,NA
-58.5,30.5,NA
-57.5,30.5,NA
-56.5,30.5,NA
-55.5,30.5,NA
-54.5,30.5,0.28125
-53.5,30.5,0.516129032
-52.5,30.5,0.75
-51.5,30.5,0.545454545
-50.5,30.5,0.484126984
-49.5,30.5,0.570731707
-48.5,30.5,0.486988848
-47.5,30.5,0.50617284
-46.5,30.5,0.737430168
-45.5,30.5,0.636363636
-44.5,30.5,0.712446352
-43.5,30.5,0.671936759
-42.5,30.5,0.631051753
-41.5,30.5,0.541795666
-40.5,30.5,0.575667656
-39.5,30.5,0.587703436
-38.5,30.5,0.563458856
-37.5,30.5,0.482889734
-36.5,30.5,0.642516683
-35.5,30.5,0.646296296
-34.5,30.5,0.581838565
-33.5,30.5,0.722660654
-32.5,30.5,0.741652021
-31.5,30.5,0.739130435
-30.5,30.5,0.703061224
-29.5,30.5,0.65192582
-28.5,30.5,0.625200642
-27.5,30.5,0.517482517
-26.5,30.5,0.549450549
-25.5,30.5,0.329545455
-24.5,30.5,0.34502924
-23.5,30.5,0.465968586
-22.5,30.5,0.299019608
-21.5,30.5,0.471502591
-20.5,30.5,0.68115942
-19.5,30.5,0.514056225
-18.5,30.5,0.504297994
-17.5,30.5,0.261682243
-16.5,30.5,NA
-15.5,30.5,NA
-14.5,30.5,0.378378378
-13.5,30.5,0.371428571
-12.5,30.5,0.437325905
-11.5,30.5,NA
-10.5,30.5,NA
-9.5,30.5,NA
-8.5,30.5,NA
-7.5,30.5,NA
-6.5,30.5,NA
-5.5,30.5,NA
-4.5,30.5,NA
-3.5,30.5,NA
-2.5,30.5,NA
-1.5,30.5,NA
-0.5,30.5,NA
-89.5,29.5,NA
-88.5,29.5,NA
-87.5,29.5,NA
-86.5,29.5,NA
-85.5,29.5,NA
-84.5,29.5,NA
-83.5,29.5,NA
-82.5,29.5,NA
-81.5,29.5,NA
-80.5,29.5,NA
-79.5,29.5,NA
-78.5,29.5,NA
-77.5,29.5,NA
-76.5,29.5,NA
-75.5,29.5,NA
-74.5,29.5,NA
-73.5,29.5,NA
-72.5,29.5,NA
-71.5,29.5,NA
-70.5,29.5,NA
-69.5,29.5,NA
-68.5,29.5,NA
-67.5,29.5,NA
-66.5,29.5,NA
-65.5,29.5,NA
-64.5,29.5,NA
-63.5,29.5,NA
-62.5,29.5,NA
-61.5,29.5,NA
-60.5,29.5,NA
-59.5,29.5,NA
-58.5,29.5,NA
-57.5,29.5,NA
-56.5,29.5,NA
-55.5,29.5,NA
-54.5,29.5,0.56097561
-53.5,29.5,0.603773585
-52.5,29.5,0.794871795
-51.5,29.5,0.673469388
-50.5,29.5,0.684210526
-49.5,29.5,0.453846154
-48.5,29.5,0.486486486
-47.5,29.5,0.522727273
-46.5,29.5,0.533557047
-45.5,29.5,0.625
-44.5,29.5,0.704225352
-43.5,29.5,0.466101695
-42.5,29.5,0.679758308
-41.5,29.5,0.596685083
-40.5,29.5,0.617021277
-39.5,29.5,0.684931507
-38.5,29.5,0.700549451
-37.5,29.5,0.65625
-36.5,29.5,0.713978495
-35.5,29.5,0.571428571
-34.5,29.5,0.469594595
-33.5,29.5,0.705596107
-32.5,29.5,0.774410774
-31.5,29.5,0.846526656
-30.5,29.5,0.74002751
-29.5,29.5,0.693146417
-28.5,29.5,0.676537585
-27.5,29.5,0.67587477
-26.5,29.5,0.579207921
-25.5,29.5,0.408450704
-24.5,29.5,0.428571429
-23.5,29.5,0.373493976
-22.5,29.5,0.204081633
-21.5,29.5,0.435582822
-20.5,29.5,0.611570248
-19.5,29.5,0.331797235
-18.5,29.5,0.672661871
-17.5,29.5,0.576642336
-16.5,29.5,0.661904762
-15.5,29.5,0.431372549
-14.5,29.5,0.482352941
-13.5,29.5,0.5
-12.5,29.5,0.554744526
-11.5,29.5,NA
-10.5,29.5,NA
-9.5,29.5,NA
-8.5,29.5,NA
-7.5,29.5,NA
-6.5,29.5,NA
-5.5,29.5,NA
-4.5,29.5,NA
-3.5,29.5,NA
-2.5,29.5,NA
-1.5,29.5,NA
-0.5,29.5,NA
-89.5,28.5,NA
-88.5,28.5,NA
-87.5,28.5,NA
-86.5,28.5,NA
-85.5,28.5,NA
-84.5,28.5,NA
-83.5,28.5,NA
-82.5,28.5,NA
-81.5,28.5,NA
-80.5,28.5,NA
-79.5,28.5,NA
-78.5,28.5,NA
-77.5,28.5,NA
-76.5,28.5,NA
-75.5,28.5,NA
-74.5,28.5,NA
-73.5,28.5,NA
-72.5,28.5,NA
-71.5,28.5,NA
-70.5,28.5,NA
-69.5,28.5,NA
-68.5,28.5,NA
-67.5,28.5,NA
-66.5,28.5,NA
-65.5,28.5,NA
-64.5,28.5,NA
-63.5,28.5,NA
-62.5,28.5,NA
-61.5,28.5,NA
-60.5,28.5,NA
-59.5,28.5,NA
-58.5,28.5,NA
-57.5,28.5,NA
-56.5,28.5,NA
-55.5,28.5,NA
-54.5,28.5,NA
-53.5,28.5,NA
-52.5,28.5,1
-51.5,28.5,0.6875
-50.5,28.5,0.85106383
-49.5,28.5,0.964285714
-48.5,28.5,1
-47.5,28.5,1
-46.5,28.5,0.659090909
-45.5,28.5,0.465346535
-44.5,28.5,0.278409091
-43.5,28.5,0.5
-42.5,28.5,0.594339623
-41.5,28.5,0.738095238
-40.5,28.5,0.552036199
-39.5,28.5,0.488549618
-38.5,28.5,0.4
-37.5,28.5,0.488151659
-36.5,28.5,0.675675676
-35.5,28.5,0.469387755
-34.5,28.5,0.704697987
-33.5,28.5,0.692307692
-32.5,28.5,0.629441624
-31.5,28.5,0.720588235
-30.5,28.5,0.863945578
-29.5,28.5,0.585987261
-28.5,28.5,0.469387755
-27.5,28.5,0.716216216
-26.5,28.5,0.489932886
-25.5,28.5,0.208333333
-24.5,28.5,0.31147541
-23.5,28.5,0.594594595
-22.5,28.5,0.811965812
-21.5,28.5,0.751879699
-20.5,28.5,0.176470588
-19.5,28.5,0.45971564
-18.5,28.5,0.613360324
-17.5,28.5,0.467473525
-16.5,28.5,0.538348083
-15.5,28.5,0.48348745
-14.5,28.5,0.36023622
-13.5,28.5,0.480446927
-12.5,28.5,0.926829268
-11.5,28.5,NA
-10.5,28.5,NA
-9.5,28.5,NA
-8.5,28.5,NA
-7.5,28.5,NA
-6.5,28.5,NA
-5.5,28.5,NA
-4.5,28.5,NA
-3.5,28.5,NA
-2.5,28.5,NA
-1.5,28.5,NA
-0.5,28.5,NA
-89.5,27.5,NA
-88.5,27.5,NA
-87.5,27.5,NA
-86.5,27.5,NA
-85.5,27.5,NA
-84.5,27.5,NA
-83.5,27.5,NA
-82.5,27.5,NA
-81.5,27.5,NA
-80.5,27.5,NA
-79.5,27.5,NA
-78.5,27.5,NA
-77.5,27.5,NA
-76.5,27.5,NA
-75.5,27.5,NA
-74.5,27.5,NA
-73.5,27.5,NA
-72.5,27.5,NA
-71.5,27.5,NA
-70.5,27.5,NA
-69.5,27.5,NA
-68.5,27.5,NA
-67.5,27.5,NA
-66.5,27.5,NA
-65.5,27.5,NA
-64.5,27.5,NA
-63.5,27.5,NA
-62.5,27.5,NA
-61.5,27.5,NA
-60.5,27.5,NA
-59.5,27.5,NA
-58.5,27.5,NA
-57.5,27.5,NA
-56.5,27.5,NA
-55.5,27.5,NA
-54.5,27.5,NA
-53.5,27.5,NA
-52.5,27.5,NA
-51.5,27.5,NA
-50.5,27.5,NA
-49.5,27.5,NA
-48.5,27.5,NA
-47.5,27.5,NA
-46.5,27.5,NA
-45.5,27.5,0.142857143
-44.5,27.5,0.397435897
-43.5,27.5,0.282051282
-42.5,27.5,0.157894737
-41.5,27.5,0.173076923
-40.5,27.5,0.518518519
-39.5,27.5,0.367346939
-38.5,27.5,0.131147541
-37.5,27.5,0.346666667
-36.5,27.5,0.655172414
-35.5,27.5,0.459016393
-34.5,27.5,0.273972603
-33.5,27.5,0.153846154
-32.5,27.5,0.315789474
-31.5,27.5,0.636363636
-30.5,27.5,1
-29.5,27.5,0.076923077
-28.5,27.5,0.23880597
-27.5,27.5,0.857142857
-26.5,27.5,0.282828283
-25.5,27.5,0.189189189
-24.5,27.5,0.514705882
-23.5,27.5,0.617021277
-22.5,27.5,0.670542636
-21.5,27.5,0.598870056
-20.5,27.5,0.267515924
-19.5,27.5,0.369047619
-18.5,27.5,0.364048338
-17.5,27.5,0.503795066
-16.5,27.5,0.387912088
-15.5,27.5,0.441573034
-14.5,27.5,0.616071429
-13.5,27.5,0.956521739
-12.5,27.5,NA
-11.5,27.5,NA
-10.5,27.5,NA
-9.5,27.5,NA
-8.5,27.5,NA
-7.5,27.5,NA
-6.5,27.5,NA
-5.5,27.5,NA
-4.5,27.5,NA
-3.5,27.5,NA
-2.5,27.5,NA
-1.5,27.5,NA
-0.5,27.5,NA
-89.5,26.5,NA
-88.5,26.5,NA
-87.5,26.5,NA
-86.5,26.5,NA
-85.5,26.5,NA
-84.5,26.5,NA
-83.5,26.5,NA
-82.5,26.5,NA
-81.5,26.5,NA
-80.5,26.5,NA
-79.5,26.5,NA
-78.5,26.5,NA
-77.5,26.5,NA
-76.5,26.5,NA
-75.5,26.5,NA
-74.5,26.5,NA
-73.5,26.5,NA
-72.5,26.5,NA
-71.5,26.5,NA
-70.5,26.5,NA
-69.5,26.5,NA
-68.5,26.5,NA
-67.5,26.5,NA
-66.5,26.5,NA
-65.5,26.5,NA
-64.5,26.5,NA
-63.5,26.5,NA
-62.5,26.5,NA
-61.5,26.5,NA
-60.5,26.5,NA
-59.5,26.5,NA
-58.5,26.5,NA
-57.5,26.5,NA
-56.5,26.5,NA
-55.5,26.5,NA
-54.5,26.5,NA
-53.5,26.5,NA
-52.5,26.5,NA
-51.5,26.5,NA
-50.5,26.5,NA
-49.5,26.5,NA
-48.5,26.5,NA
-47.5,26.5,NA
-46.5,26.5,NA
-45.5,26.5,1
-44.5,26.5,0.294117647
-43.5,26.5,NA
-42.5,26.5,NA
-41.5,26.5,NA
-40.5,26.5,NA
-39.5,26.5,0.5
-38.5,26.5,0.75
-37.5,26.5,0.755555556
-36.5,26.5,0.324324324
-35.5,26.5,0.435483871
-34.5,26.5,0.017241379
-33.5,26.5,NA
-32.5,26.5,NA
-31.5,26.5,NA
-30.5,26.5,NA
-29.5,26.5,NA
-28.5,26.5,0.382978723
-27.5,26.5,0.583333333
-26.5,26.5,0.638888889
-25.5,26.5,0.316901408
-24.5,26.5,0.706349206
-23.5,26.5,0.353293413
-22.5,26.5,0.371900826
-21.5,26.5,0.41958042
-20.5,26.5,0.361419069
-19.5,26.5,0.424448217
-18.5,26.5,0.4452902
-17.5,26.5,0.482664234
-16.5,26.5,0.600337268
-15.5,26.5,0.671052632
-14.5,26.5,NA
-13.5,26.5,NA
-12.5,26.5,NA
-11.5,26.5,NA
-10.5,26.5,NA
-9.5,26.5,NA
-8.5,26.5,NA
-7.5,26.5,NA
-6.5,26.5,NA
-5.5,26.5,NA
-4.5,26.5,NA
-3.5,26.5,NA
-2.5,26.5,NA
-1.5,26.5,NA
-0.5,26.5,NA
-89.5,25.5,NA
-88.5,25.5,NA
-87.5,25.5,NA
-86.5,25.5,NA
-85.5,25.5,NA
-84.5,25.5,NA
-83.5,25.5,NA
-82.5,25.5,NA
-81.5,25.5,NA
-80.5,25.5,NA
-79.5,25.5,NA
-78.5,25.5,NA
-77.5,25.5,NA
-76.5,25.5,NA
-75.5,25.5,NA
-74.5,25.5,NA
-73.5,25.5,NA
-72.5,25.5,NA
-71.5,25.5,NA
-70.5,25.5,NA
-69.5,25.5,NA
-68.5,25.5,NA
-67.5,25.5,NA
-66.5,25.5,NA
-65.5,25.5,NA
-64.5,25.5,NA
-63.5,25.5,NA
-62.5,25.5,NA
-61.5,25.5,NA
-60.5,25.5,NA
-59.5,25.5,NA
-58.5,25.5,NA
-57.5,25.5,NA
-56.5,25.5,NA
-55.5,25.5,NA
-54.5,25.5,NA
-53.5,25.5,NA
-52.5,25.5,NA
-51.5,25.5,NA
-50.5,25.5,NA
-49.5,25.5,NA
-48.5,25.5,NA
-47.5,25.5,NA
-46.5,25.5,NA
-45.5,25.5,NA
-44.5,25.5,NA
-43.5,25.5,NA
-42.5,25.5,NA
-41.5,25.5,NA
-40.5,25.5,NA
-39.5,25.5,NA
-38.5,25.5,1
-37.5,25.5,0.968253968
-36.5,25.5,0.761904762
-35.5,25.5,0.52173913
-34.5,25.5,0.75
-33.5,25.5,NA
-32.5,25.5,NA
-31.5,25.5,0.5
-30.5,25.5,NA
-29.5,25.5,NA
-28.5,25.5,NA
-27.5,25.5,NA
-26.5,25.5,0.575
-25.5,25.5,0.556074766
-24.5,25.5,0.49375
-23.5,25.5,0.618090452
-22.5,25.5,0.554216867
-21.5,25.5,0.459546926
-20.5,25.5,0.591194969
-19.5,25.5,0.613427857
-18.5,25.5,0.600730371
-17.5,25.5,0.625820569
-16.5,25.5,NA
-15.5,25.5,NA
-14.5,25.5,NA
-13.5,25.5,NA
-12.5,25.5,NA
-11.5,25.5,NA
-10.5,25.5,NA
-9.5,25.5,NA
-8.5,25.5,NA
-7.5,25.5,NA
-6.5,25.5,NA
-5.5,25.5,NA
-4.5,25.5,NA
-3.5,25.5,NA
-2.5,25.5,NA
-1.5,25.5,NA
-0.5,25.5,NA
-89.5,24.5,NA
-88.5,24.5,NA
-87.5,24.5,NA
-86.5,24.5,NA
-85.5,24.5,NA
-84.5,24.5,NA
-83.5,24.5,NA
-82.5,24.5,NA
-81.5,24.5,NA
-80.5,24.5,NA
-79.5,24.5,NA
-78.5,24.5,NA
-77.5,24.5,NA
-76.5,24.5,NA
-75.5,24.5,NA
-74.5,24.5,NA
-73.5,24.5,NA
-72.5,24.5,NA
-71.5,24.5,NA
-70.5,24.5,NA
-69.5,24.5,NA
-68.5,24.5,NA
-67.5,24.5,NA
-66.5,24.5,NA
-65.5,24.5,NA
-64.5,24.5,NA
-63.5,24.5,NA
-62.5,24.5,NA
-61.5,24.5,NA
-60.5,24.5,NA
-59.5,24.5,NA
-58.5,24.5,NA
-57.5,24.5,NA
-56.5,24.5,NA
-55.5,24.5,NA
-54.5,24.5,NA
-53.5,24.5,NA
-52.5,24.5,NA
-51.5,24.5,NA
-50.5,24.5,NA
-49.5,24.5,NA
-48.5,24.5,NA
-47.5,24.5,NA
-46.5,24.5,NA
-45.5,24.5,NA
-44.5,24.5,NA
-43.5,24.5,NA
-42.5,24.5,NA
-41.5,24.5,NA
-40.5,24.5,NA
-39.5,24.5,NA
-38.5,24.5,0.75
-37.5,24.5,0.833333333
-36.5,24.5,0.545454545
-35.5,24.5,1
-34.5,24.5,NA
-33.5,24.5,NA
-32.5,24.5,NA
-31.5,24.5,1
-30.5,24.5,1
-29.5,24.5,NA
-28.5,24.5,NA
-27.5,24.5,NA
-26.5,24.5,0.333333333
-25.5,24.5,0.38372093
-24.5,24.5,0.869565217
-23.5,24.5,0.786359077
-22.5,24.5,0.4515625
-21.5,24.5,0.573426573
-20.5,24.5,0.591313269
-19.5,24.5,0.662047989
-18.5,24.5,0.637157107
-17.5,24.5,0.166666667
-16.5,24.5,NA
-15.5,24.5,NA
-14.5,24.5,NA
-13.5,24.5,NA
-12.5,24.5,NA
-11.5,24.5,NA
-10.5,24.5,NA
-9.5,24.5,NA
-8.5,24.5,NA
-7.5,24.5,NA
-6.5,24.5,NA
-5.5,24.5,NA
-4.5,24.5,NA
-3.5,24.5,NA
-2.5,24.5,NA
-1.5,24.5,NA
-0.5,24.5,NA
-89.5,23.5,NA
-88.5,23.5,NA
-87.5,23.5,NA
-86.5,23.5,NA
-85.5,23.5,NA
-84.5,23.5,NA
-83.5,23.5,NA
-82.5,23.5,NA
-81.5,23.5,NA
-80.5,23.5,NA
-79.5,23.5,NA
-78.5,23.5,NA
-77.5,23.5,NA
-76.5,23.5,NA
-75.5,23.5,NA
-74.5,23.5,NA
-73.5,23.5,NA
-72.5,23.5,NA
-71.5,23.5,NA
-70.5,23.5,NA
-69.5,23.5,NA
-68.5,23.5,NA
-67.5,23.5,NA
-66.5,23.5,NA
-65.5,23.5,NA
-64.5,23.5,NA
-63.5,23.5,NA
-62.5,23.5,NA
-61.5,23.5,NA
-60.5,23.5,NA
-59.5,23.5,NA
-58.5,23.5,NA
-57.5,23.5,NA
-56.5,23.5,NA
-55.5,23.5,NA
-54.5,23.5,NA
-53.5,23.5,NA
-52.5,23.5,NA
-51.5,23.5,NA
-50.5,23.5,NA
-49.5,23.5,NA
-48.5,23.5,NA
-47.5,23.5,NA
-46.5,23.5,NA
-45.5,23.5,NA
-44.5,23.5,NA
-43.5,23.5,NA
-42.5,23.5,NA
-41.5,23.5,NA
-40.5,23.5,NA
-39.5,23.5,NA
-38.5,23.5,1
-37.5,23.5,NA
-36.5,23.5,NA
-35.5,23.5,NA
-34.5,23.5,NA
-33.5,23.5,NA
-32.5,23.5,NA
-31.5,23.5,NA
-30.5,23.5,1
-29.5,23.5,1
-28.5,23.5,NA
-27.5,23.5,0.352941176
-26.5,23.5,0.935483871
-25.5,23.5,0.697674419
-24.5,23.5,0.762081784
-23.5,23.5,0.651214128
-22.5,23.5,0.653614458
-21.5,23.5,0.726469458
-20.5,23.5,0.492887785
-19.5,23.5,0.772170686
-18.5,23.5,0.872791519
-17.5,23.5,NA
-16.5,23.5,0.23125
-15.5,23.5,0.153846154
-14.5,23.5,NA
-13.5,23.5,NA
-12.5,23.5,NA
-11.5,23.5,NA
-10.5,23.5,NA
-9.5,23.5,NA
-8.5,23.5,NA
-7.5,23.5,NA
-6.5,23.5,NA
-5.5,23.5,NA
-4.5,23.5,NA
-3.5,23.5,NA
-2.5,23.5,NA
-1.5,23.5,NA
-0.5,23.5,NA
-89.5,22.5,NA
-88.5,22.5,NA
-87.5,22.5,NA
-86.5,22.5,NA
-85.5,22.5,NA
-84.5,22.5,NA
-83.5,22.5,NA
-82.5,22.5,NA
-81.5,22.5,NA
-80.5,22.5,NA
-79.5,22.5,NA
-78.5,22.5,NA
-77.5,22.5,NA
-76.5,22.5,NA
-75.5,22.5,NA
-74.5,22.5,NA
-73.5,22.5,NA
-72.5,22.5,NA
-71.5,22.5,NA
-70.5,22.5,NA
-69.5,22.5,NA
-68.5,22.5,NA
-67.5,22.5,NA
-66.5,22.5,NA
-65.5,22.5,NA
-64.5,22.5,NA
-63.5,22.5,NA
-62.5,22.5,NA
-61.5,22.5,NA
-60.5,22.5,NA
-59.5,22.5,NA
-58.5,22.5,NA
-57.5,22.5,NA
-56.5,22.5,NA
-55.5,22.5,NA
-54.5,22.5,NA
-53.5,22.5,NA
-52.5,22.5,NA
-51.5,22.5,NA
-50.5,22.5,NA
-49.5,22.5,NA
-48.5,22.5,NA
-47.5,22.5,NA
-46.5,22.5,NA
-45.5,22.5,NA
-44.5,22.5,NA
-43.5,22.5,NA
-42.5,22.5,NA
-41.5,22.5,NA
-40.5,22.5,NA
-39.5,22.5,NA
-38.5,22.5,NA
-37.5,22.5,NA
-36.5,22.5,NA
-35.5,22.5,NA
-34.5,22.5,NA
-33.5,22.5,NA
-32.5,22.5,0.9
-31.5,22.5,0.462962963
-30.5,22.5,1
-29.5,22.5,NA
-28.5,22.5,0.428571429
-27.5,22.5,0.078947368
-26.5,22.5,0.651162791
-25.5,22.5,0.576323988
-24.5,22.5,0.542130366
-23.5,22.5,0.603143418
-22.5,22.5,0.802744425
-21.5,22.5,0.819978245
-20.5,22.5,0.649669132
-19.5,22.5,0.841341991
-18.5,22.5,0.985303123
-17.5,22.5,NA
-16.5,22.5,NA
-15.5,22.5,NA
-14.5,22.5,NA
-13.5,22.5,NA
-12.5,22.5,NA
-11.5,22.5,NA
-10.5,22.5,NA
-9.5,22.5,NA
-8.5,22.5,NA
-7.5,22.5,NA
-6.5,22.5,NA
-5.5,22.5,NA
-4.5,22.5,NA
-3.5,22.5,NA
-2.5,22.5,NA
-1.5,22.5,NA
-0.5,22.5,NA
-89.5,21.5,NA
-88.5,21.5,NA
-87.5,21.5,NA
-86.5,21.5,NA
-85.5,21.5,NA
-84.5,21.5,NA
-83.5,21.5,NA
-82.5,21.5,NA
-81.5,21.5,NA
-80.5,21.5,NA
-79.5,21.5,NA
-78.5,21.5,NA
-77.5,21.5,NA
-76.5,21.5,NA
-75.5,21.5,NA
-74.5,21.5,NA
-73.5,21.5,NA
-72.5,21.5,NA
-71.5,21.5,NA
-70.5,21.5,NA
-69.5,21.5,NA
-68.5,21.5,NA
-67.5,21.5,NA
-66.5,21.5,NA
-65.5,21.5,NA
-64.5,21.5,NA
-63.5,21.5,NA
-62.5,21.5,NA
-61.5,21.5,NA
-60.5,21.5,NA
-59.5,21.5,NA
-58.5,21.5,NA
-57.5,21.5,NA
-56.5,21.5,NA
-55.5,21.5,NA
-54.5,21.5,NA
-53.5,21.5,NA
-52.5,21.5,NA
-51.5,21.5,NA
-50.5,21.5,NA
-49.5,21.5,NA
-48.5,21.5,NA
-47.5,21.5,NA
-46.5,21.5,NA
-45.5,21.5,NA
-44.5,21.5,NA
-43.5,21.5,NA
-42.5,21.5,NA
-41.5,21.5,NA
-40.5,21.5,NA
-39.5,21.5,NA
-38.5,21.5,NA
-37.5,21.5,NA
-36.5,21.5,NA
-35.5,21.5,1
-34.5,21.5,0.969230769
-33.5,21.5,0.813688213
-32.5,21.5,0.871921182
-31.5,21.5,0.861842105
-30.5,21.5,0.778625954
-29.5,21.5,0.636363636
-28.5,21.5,0.484076433
-27.5,21.5,0.42394822
-26.5,21.5,0.559546314
-25.5,21.5,0.679045093
-24.5,21.5,0.647266314
-23.5,21.5,0.791074056
-22.5,21.5,0.840293713
-21.5,21.5,0.799888517
-20.5,21.5,0.829596413
-19.5,21.5,0.735588375
-18.5,21.5,0.965703971
-17.5,21.5,NA
-16.5,21.5,NA
-15.5,21.5,NA
-14.5,21.5,NA
-13.5,21.5,NA
-12.5,21.5,NA
-11.5,21.5,NA
-10.5,21.5,NA
-9.5,21.5,NA
-8.5,21.5,NA
-7.5,21.5,NA
-6.5,21.5,NA
-5.5,21.5,NA
-4.5,21.5,NA
-3.5,21.5,NA
-2.5,21.5,NA
-1.5,21.5,NA
-0.5,21.5,NA
-89.5,20.5,NA
-88.5,20.5,NA
-87.5,20.5,NA
-86.5,20.5,NA
-85.5,20.5,NA
-84.5,20.5,NA
-83.5,20.5,NA
-82.5,20.5,NA
-81.5,20.5,NA
-80.5,20.5,NA
-79.5,20.5,NA
-78.5,20.5,NA
-77.5,20.5,NA
-76.5,20.5,NA
-75.5,20.5,NA
-74.5,20.5,NA
-73.5,20.5,NA
-72.5,20.5,NA
-71.5,20.5,NA
-70.5,20.5,NA
-69.5,20.5,NA
-68.5,20.5,NA
-67.5,20.5,NA
-66.5,20.5,NA
-65.5,20.5,NA
-64.5,20.5,NA
-63.5,20.5,NA
-62.5,20.5,NA
-61.5,20.5,NA
-60.5,20.5,NA
-59.5,20.5,NA
-58.5,20.5,NA
-57.5,20.5,NA
-56.5,20.5,NA
-55.5,20.5,NA
-54.5,20.5,NA
-53.5,20.5,NA
-52.5,20.5,NA
-51.5,20.5,NA
-50.5,20.5,NA
-49.5,20.5,NA
-48.5,20.5,NA
-47.5,20.5,NA
-46.5,20.5,NA
-45.5,20.5,NA
-44.5,20.5,NA
-43.5,20.5,NA
-42.5,20.5,NA
-41.5,20.5,NA
-40.5,20.5,NA
-39.5,20.5,NA
-38.5,20.5,NA
-37.5,20.5,NA
-36.5,20.5,NA
-35.5,20.5,NA
-34.5,20.5,0.848484848
-33.5,20.5,0.800373134
-32.5,20.5,0.846657929
-31.5,20.5,0.833560709
-30.5,20.5,0.807453416
-29.5,20.5,0.48988764
-28.5,20.5,0.421221865
-27.5,20.5,0.522003035
-26.5,20.5,0.540510544
-25.5,20.5,0.600353669
-24.5,20.5,0.619111709
-23.5,20.5,0.662980982
-22.5,20.5,0.782226266
-21.5,20.5,0.786935443
-20.5,20.5,0.760033445
-19.5,20.5,0.836893204
-18.5,20.5,0.809474768
-17.5,20.5,0.73932335
-16.5,20.5,NA
-15.5,20.5,NA
-14.5,20.5,NA
-13.5,20.5,NA
-12.5,20.5,NA
-11.5,20.5,NA
-10.5,20.5,NA
-9.5,20.5,NA
-8.5,20.5,NA
-7.5,20.5,NA
-6.5,20.5,NA
-5.5,20.5,NA
-4.5,20.5,NA
-3.5,20.5,NA
-2.5,20.5,NA
-1.5,20.5,NA
-0.5,20.5,NA
-89.5,19.5,NA
-88.5,19.5,NA
-87.5,19.5,NA
-86.5,19.5,NA
-85.5,19.5,NA
-84.5,19.5,NA
-83.5,19.5,NA
-82.5,19.5,NA
-81.5,19.5,NA
-80.5,19.5,NA
-79.5,19.5,NA
-78.5,19.5,NA
-77.5,19.5,NA
-76.5,19.5,NA
-75.5,19.5,NA
-74.5,19.5,NA
-73.5,19.5,NA
-72.5,19.5,NA
-71.5,19.5,NA
-70.5,19.5,NA
-69.5,19.5,NA
-68.5,19.5,NA
-67.5,19.5,NA
-66.5,19.5,NA
-65.5,19.5,NA
-64.5,19.5,NA
-63.5,19.5,NA
-62.5,19.5,NA
-61.5,19.5,NA
-60.5,19.5,NA
-59.5,19.5,NA
-58.5,19.5,NA
-57.5,19.5,NA
-56.5,19.5,NA
-55.5,19.5,NA
-54.5,19.5,NA
-53.5,19.5,NA
-52.5,19.5,NA
-51.5,19.5,NA
-50.5,19.5,NA
-49.5,19.5,NA
-48.5,19.5,NA
-47.5,19.5,NA
-46.5,19.5,NA
-45.5,19.5,NA
-44.5,19.5,NA
-43.5,19.5,NA
-42.5,19.5,NA
-41.5,19.5,NA
-40.5,19.5,NA
-39.5,19.5,NA
-38.5,19.5,NA
-37.5,19.5,NA
-36.5,19.5,NA
-35.5,19.5,NA
-34.5,19.5,1
-33.5,19.5,0.875675676
-32.5,19.5,0.718009479
-31.5,19.5,0.686084142
-30.5,19.5,0.527065527
-29.5,19.5,0.609498681
-28.5,19.5,0.650571792
-27.5,19.5,0.549250535
-26.5,19.5,0.586956522
-25.5,19.5,0.584594223
-24.5,19.5,0.496124031
-23.5,19.5,0.666666667
-22.5,19.5,0.736717828
-21.5,19.5,0.655479452
-20.5,19.5,0.695081967
-19.5,19.5,0.947338618
-18.5,19.5,0.893837157
-17.5,19.5,0.86119978
-16.5,19.5,0.58238342
-15.5,19.5,NA
-14.5,19.5,NA
-13.5,19.5,NA
-12.5,19.5,NA
-11.5,19.5,NA
-10.5,19.5,NA
-9.5,19.5,NA
-8.5,19.5,NA
-7.5,19.5,NA
-6.5,19.5,NA
-5.5,19.5,NA
-4.5,19.5,NA
-3.5,19.5,NA
-2.5,19.5,NA
-1.5,19.5,NA
-0.5,19.5,NA
-89.5,18.5,NA
-88.5,18.5,NA
-87.5,18.5,NA
-86.5,18.5,NA
-85.5,18.5,NA
-84.5,18.5,NA
-83.5,18.5,NA
-82.5,18.5,NA
-81.5,18.5,NA
-80.5,18.5,NA
-79.5,18.5,NA
-78.5,18.5,NA
-77.5,18.5,NA
-76.5,18.5,NA
-75.5,18.5,NA
-74.5,18.5,NA
-73.5,18.5,NA
-72.5,18.5,NA
-71.5,18.5,NA
-70.5,18.5,NA
-69.5,18.5,NA
-68.5,18.5,NA
-67.5,18.5,NA
-66.5,18.5,NA
-65.5,18.5,NA
-64.5,18.5,NA
-63.5,18.5,NA
-62.5,18.5,NA
-61.5,18.5,NA
-60.5,18.5,NA
-59.5,18.5,NA
-58.5,18.5,NA
-57.5,18.5,NA
-56.5,18.5,NA
-55.5,18.5,NA
-54.5,18.5,NA
-53.5,18.5,NA
-52.5,18.5,NA
-51.5,18.5,NA
-50.5,18.5,NA
-49.5,18.5,NA
-48.5,18.5,NA
-47.5,18.5,NA
-46.5,18.5,NA
-45.5,18.5,NA
-44.5,18.5,NA
-43.5,18.5,NA
-42.5,18.5,NA
-41.5,18.5,NA
-40.5,18.5,NA
-39.5,18.5,NA
-38.5,18.5,NA
-37.5,18.5,NA
-36.5,18.5,NA
-35.5,18.5,NA
-34.5,18.5,0.142857143
-33.5,18.5,0.610738255
-32.5,18.5,0.599369085
-31.5,18.5,0.669527897
-30.5,18.5,0.611111111
-29.5,18.5,0.689922481
-28.5,18.5,0.705236486
-27.5,18.5,0.508517888
-26.5,18.5,0.618865519
-25.5,18.5,0.594970218
-24.5,18.5,0.627627628
-23.5,18.5,0.735895339
-22.5,18.5,0.617103984
-21.5,18.5,0.708364732
-20.5,18.5,0.782154341
-19.5,18.5,0.917602996
-18.5,18.5,0.962811327
-17.5,18.5,0.908617548
-16.5,18.5,0.748400853
-15.5,18.5,NA
-14.5,18.5,NA
-13.5,18.5,NA
-12.5,18.5,NA
-11.5,18.5,NA
-10.5,18.5,NA
-9.5,18.5,NA
-8.5,18.5,NA
-7.5,18.5,NA
-6.5,18.5,NA
-5.5,18.5,NA
-4.5,18.5,NA
-3.5,18.5,NA
-2.5,18.5,NA
-1.5,18.5,NA
-0.5,18.5,NA
-89.5,17.5,NA
-88.5,17.5,NA
-87.5,17.5,NA
-86.5,17.5,NA
-85.5,17.5,NA
-84.5,17.5,NA
-83.5,17.5,NA
-82.5,17.5,NA
-81.5,17.5,NA
-80.5,17.5,NA
-79.5,17.5,NA
-78.5,17.5,NA
-77.5,17.5,NA
-76.5,17.5,NA
-75.5,17.5,NA
-74.5,17.5,NA
-73.5,17.5,NA
-72.5,17.5,NA
-71.5,17.5,NA
-70.5,17.5,NA
-69.5,17.5,NA
-68.5,17.5,NA
-67.5,17.5,NA
-66.5,17.5,NA
-65.5,17.5,NA
-64.5,17.5,NA
-63.5,17.5,NA
-62.5,17.5,NA
-61.5,17.5,NA
-60.5,17.5,NA
-59.5,17.5,NA
-58.5,17.5,NA
-57.5,17.5,NA
-56.5,17.5,NA
-55.5,17.5,NA
-54.5,17.5,NA
-53.5,17.5,NA
-52.5,17.5,NA
-51.5,17.5,NA
-50.5,17.5,NA
-49.5,17.5,NA
-48.5,17.5,NA
-47.5,17.5,NA
-46.5,17.5,NA
-45.5,17.5,NA
-44.5,17.5,NA
-43.5,17.5,NA
-42.5,17.5,NA
-41.5,17.5,NA
-40.5,17.5,NA
-39.5,17.5,NA
-38.5,17.5,NA
-37.5,17.5,1
-36.5,17.5,NA
-35.5,17.5,NA
-34.5,17.5,NA
-33.5,17.5,0.726315789
-32.5,17.5,0.726190476
-31.5,17.5,0.655701754
-30.5,17.5,0.703839122
-29.5,17.5,0.721997301
-28.5,17.5,0.721586575
-27.5,17.5,0.684460261
-26.5,17.5,0.671491228
-25.5,17.5,0.541284404
-24.5,17.5,0.579465541
-23.5,17.5,0.692307692
-22.5,17.5,0.693858845
-21.5,17.5,0.779674166
-20.5,17.5,0.765891473
-19.5,17.5,0.922750824
-18.5,17.5,0.926192619
-17.5,17.5,0.904394498
-16.5,17.5,0.369030391
-15.5,17.5,NA
-14.5,17.5,NA
-13.5,17.5,NA
-12.5,17.5,NA
-11.5,17.5,NA
-10.5,17.5,NA
-9.5,17.5,NA
-8.5,17.5,NA
-7.5,17.5,NA
-6.5,17.5,NA
-5.5,17.5,NA
-4.5,17.5,NA
-3.5,17.5,NA
-2.5,17.5,NA
-1.5,17.5,NA
-0.5,17.5,NA
-89.5,16.5,NA
-88.5,16.5,NA
-87.5,16.5,NA
-86.5,16.5,NA
-85.5,16.5,NA
-84.5,16.5,NA
-83.5,16.5,NA
-82.5,16.5,NA
-81.5,16.5,NA
-80.5,16.5,NA
-79.5,16.5,NA
-78.5,16.5,NA
-77.5,16.5,NA
-76.5,16.5,NA
-75.5,16.5,NA
-74.5,16.5,NA
-73.5,16.5,NA
-72.5,16.5,NA
-71.5,16.5,NA
-70.5,16.5,NA
-69.5,16.5,NA
-68.5,16.5,NA
-67.5,16.5,NA
-66.5,16.5,NA
-65.5,16.5,NA
-64.5,16.5,NA
-63.5,16.5,NA
-62.5,16.5,NA
-61.5,16.5,NA
-60.5,16.5,NA
-59.5,16.5,NA
-58.5,16.5,NA
-57.5,16.5,NA
-56.5,16.5,NA
-55.5,16.5,NA
-54.5,16.5,NA
-53.5,16.5,NA
-52.5,16.5,NA
-51.5,16.5,NA
-50.5,16.5,NA
-49.5,16.5,NA
-48.5,16.5,NA
-47.5,16.5,NA
-46.5,16.5,NA
-45.5,16.5,NA
-44.5,16.5,NA
-43.5,16.5,NA
-42.5,16.5,NA
-41.5,16.5,1
-40.5,16.5,NA
-39.5,16.5,NA
-38.5,16.5,1
-37.5,16.5,0.80952381
-36.5,16.5,0.341463415
-35.5,16.5,0.6
-34.5,16.5,0.681034483
-33.5,16.5,0.405940594
-32.5,16.5,0.623574144
-31.5,16.5,0.788649706
-30.5,16.5,0.85235732
-29.5,16.5,0.861454725
-28.5,16.5,0.777535442
-27.5,16.5,0.65529623
-26.5,16.5,0.621606335
-25.5,16.5,0.616911765
-24.5,16.5,0.680645161
-23.5,16.5,0.776811594
-22.5,16.5,0.633986928
-21.5,16.5,0.685606061
-20.5,16.5,0.727634195
-19.5,16.5,0.956727919
-18.5,16.5,0.921208531
-17.5,16.5,0.948491155
-16.5,16.5,0.476635514
-15.5,16.5,NA
-14.5,16.5,NA
-13.5,16.5,NA
-12.5,16.5,NA
-11.5,16.5,NA
-10.5,16.5,NA
-9.5,16.5,NA
-8.5,16.5,NA
-7.5,16.5,NA
-6.5,16.5,NA
-5.5,16.5,NA
-4.5,16.5,NA
-3.5,16.5,NA
-2.5,16.5,NA
-1.5,16.5,NA
-0.5,16.5,NA
-89.5,15.5,NA
-88.5,15.5,NA
-87.5,15.5,NA
-86.5,15.5,NA
-85.5,15.5,NA
-84.5,15.5,NA
-83.5,15.5,NA
-82.5,15.5,NA
-81.5,15.5,NA
-80.5,15.5,NA
-79.5,15.5,NA
-78.5,15.5,NA
-77.5,15.5,NA
-76.5,15.5,NA
-75.5,15.5,NA
-74.5,15.5,NA
-73.5,15.5,NA
-72.5,15.5,NA
-71.5,15.5,NA
-70.5,15.5,NA
-69.5,15.5,NA
-68.5,15.5,NA
-67.5,15.5,NA
-66.5,15.5,NA
-65.5,15.5,NA
-64.5,15.5,NA
-63.5,15.5,NA
-62.5,15.5,NA
-61.5,15.5,NA
-60.5,15.5,NA
-59.5,15.5,NA
-58.5,15.5,NA
-57.5,15.5,NA
-56.5,15.5,NA
-55.5,15.5,NA
-54.5,15.5,NA
-53.5,15.5,NA
-52.5,15.5,NA
-51.5,15.5,NA
-50.5,15.5,NA
-49.5,15.5,NA
-48.5,15.5,1
-47.5,15.5,0.615384615
-46.5,15.5,0.5
-45.5,15.5,0.916666667
-44.5,15.5,0.837837838
-43.5,15.5,0.739130435
-42.5,15.5,0.5
-41.5,15.5,0.611111111
-40.5,15.5,0.931034483
-39.5,15.5,0.568965517
-38.5,15.5,0.854368932
-37.5,15.5,0.885057471
-36.5,15.5,0.682291667
-35.5,15.5,0.583333333
-34.5,15.5,0.665467626
-33.5,15.5,0.820987654
-32.5,15.5,0.662285137
-31.5,15.5,0.688571429
-30.5,15.5,0.805855856
-29.5,15.5,0.855830389
-28.5,15.5,0.759139785
-27.5,15.5,0.702886248
-26.5,15.5,0.701445632
-25.5,15.5,0.634441088
-24.5,15.5,0.669172932
-23.5,15.5,0.80952381
-22.5,15.5,0.637342908
-21.5,15.5,0.573553719
-20.5,15.5,0.706505295
-19.5,15.5,0.80952381
-18.5,15.5,1
-17.5,15.5,NA
-16.5,15.5,NA
-15.5,15.5,NA
-14.5,15.5,NA
-13.5,15.5,NA
-12.5,15.5,NA
-11.5,15.5,NA
-10.5,15.5,NA
-9.5,15.5,NA
-8.5,15.5,NA
-7.5,15.5,NA
-6.5,15.5,NA
-5.5,15.5,NA
-4.5,15.5,NA
-3.5,15.5,NA
-2.5,15.5,NA
-1.5,15.5,NA
-0.5,15.5,NA
-89.5,14.5,NA
-88.5,14.5,NA
-87.5,14.5,NA
-86.5,14.5,NA
-85.5,14.5,NA
-84.5,14.5,NA
-83.5,14.5,NA
-82.5,14.5,NA
-81.5,14.5,NA
-80.5,14.5,NA
-79.5,14.5,NA
-78.5,14.5,NA
-77.5,14.5,NA
-76.5,14.5,NA
-75.5,14.5,NA
-74.5,14.5,NA
-73.5,14.5,NA
-72.5,14.5,NA
-71.5,14.5,NA
-70.5,14.5,NA
-69.5,14.5,NA
-68.5,14.5,NA
-67.5,14.5,NA
-66.5,14.5,NA
-65.5,14.5,NA
-64.5,14.5,NA
-63.5,14.5,NA
-62.5,14.5,NA
-61.5,14.5,NA
-60.5,14.5,NA
-59.5,14.5,NA
-58.5,14.5,NA
-57.5,14.5,NA
-56.5,14.5,NA
-55.5,14.5,NA
-54.5,14.5,NA
-53.5,14.5,NA
-52.5,14.5,NA
-51.5,14.5,NA
-50.5,14.5,NA
-49.5,14.5,NA
-48.5,14.5,0.6
-47.5,14.5,0.666666667
-46.5,14.5,0.801526718
-45.5,14.5,0.847639485
-44.5,14.5,0.840399002
-43.5,14.5,0.588732394
-42.5,14.5,0.534246575
-41.5,14.5,0.826923077
-40.5,14.5,0.845425868
-39.5,14.5,0.771929825
-38.5,14.5,0.655172414
-37.5,14.5,0.51171875
-36.5,14.5,0.501754386
-35.5,14.5,0.566
-34.5,14.5,0.770964833
-33.5,14.5,0.778631822
-32.5,14.5,0.668700427
-31.5,14.5,0.718309859
-30.5,14.5,0.709981168
-29.5,14.5,0.658792651
-28.5,14.5,0.560092007
-27.5,14.5,0.641452345
-26.5,14.5,0.720475786
-25.5,14.5,0.655412115
-24.5,14.5,0.584615385
-23.5,14.5,0.507014028
-22.5,14.5,0.690705128
-21.5,14.5,0.65913371
-20.5,14.5,0.75
-19.5,14.5,NA
-18.5,14.5,NA
-17.5,14.5,NA
-16.5,14.5,NA
-15.5,14.5,NA
-14.5,14.5,NA
-13.5,14.5,NA
-12.5,14.5,NA
-11.5,14.5,NA
-10.5,14.5,NA
-9.5,14.5,NA
-8.5,14.5,NA
-7.5,14.5,NA
-6.5,14.5,NA
-5.5,14.5,NA
-4.5,14.5,NA
-3.5,14.5,NA
-2.5,14.5,NA
-1.5,14.5,NA
-0.5,14.5,NA
-89.5,13.5,NA
-88.5,13.5,NA
-87.5,13.5,NA
-86.5,13.5,NA
-85.5,13.5,NA
-84.5,13.5,NA
-83.5,13.5,NA
-82.5,13.5,NA
-81.5,13.5,NA
-80.5,13.5,NA
-79.5,13.5,NA
-78.5,13.5,NA
-77.5,13.5,NA
-76.5,13.5,NA
-75.5,13.5,NA
-74.5,13.5,NA
-73.5,13.5,NA
-72.5,13.5,NA
-71.5,13.5,NA
-70.5,13.5,NA
-69.5,13.5,NA
-68.5,13.5,NA
-67.5,13.5,NA
-66.5,13.5,NA
-65.5,13.5,NA
-64.5,13.5,NA
-63.5,13.5,NA
-62.5,13.5,NA
-61.5,13.5,NA
-60.5,13.5,NA
-59.5,13.5,NA
-58.5,13.5,NA
-57.5,13.5,NA
-56.5,13.5,NA
-55.5,13.5,NA
-54.5,13.5,NA
-53.5,13.5,NA
-52.5,13.5,1
-51.5,13.5,1
-50.5,13.5,NA
-49.5,13.5,NA
-48.5,13.5,NA
-47.5,13.5,0.411764706
-46.5,13.5,0.872727273
-45.5,13.5,0.777777778
-44.5,13.5,0.53187251
-43.5,13.5,0.692982456
-42.5,13.5,0.716853933
-41.5,13.5,0.642156863
-40.5,13.5,0.784708249
-39.5,13.5,0.756493506
-38.5,13.5,0.547413793
-37.5,13.5,0.464150943
-36.5,13.5,0.619771863
-35.5,13.5,0.680473373
-34.5,13.5,0.683987275
-33.5,13.5,0.70776699
-32.5,13.5,0.751980983
-31.5,13.5,0.764158918
-30.5,13.5,0.649565217
-29.5,13.5,0.696969697
-28.5,13.5,0.731451083
-27.5,13.5,0.649459784
-26.5,13.5,0.537800687
-25.5,13.5,0.583783784
-24.5,13.5,0.645865835
-23.5,13.5,0.583333333
-22.5,13.5,0.686746988
-21.5,13.5,0.690288714
-20.5,13.5,0.725925926
-19.5,13.5,NA
-18.5,13.5,NA
-17.5,13.5,NA
-16.5,13.5,NA
-15.5,13.5,NA
-14.5,13.5,NA
-13.5,13.5,NA
-12.5,13.5,NA
-11.5,13.5,NA
-10.5,13.5,NA
-9.5,13.5,NA
-8.5,13.5,NA
-7.5,13.5,NA
-6.5,13.5,NA
-5.5,13.5,NA
-4.5,13.5,NA
-3.5,13.5,NA
-2.5,13.5,NA
-1.5,13.5,NA
-0.5,13.5,NA
-89.5,12.5,NA
-88.5,12.5,NA
-87.5,12.5,NA
-86.5,12.5,NA
-85.5,12.5,NA
-84.5,12.5,NA
-83.5,12.5,NA
-82.5,12.5,NA
-81.5,12.5,NA
-80.5,12.5,NA
-79.5,12.5,NA
-78.5,12.5,NA
-77.5,12.5,NA
-76.5,12.5,NA
-75.5,12.5,NA
-74.5,12.5,NA
-73.5,12.5,NA
-72.5,12.5,NA
-71.5,12.5,NA
-70.5,12.5,NA
-69.5,12.5,NA
-68.5,12.5,NA
-67.5,12.5,NA
-66.5,12.5,NA
-65.5,12.5,NA
-64.5,12.5,NA
-63.5,12.5,NA
-62.5,12.5,NA
-61.5,12.5,NA
-60.5,12.5,NA
-59.5,12.5,NA
-58.5,12.5,NA
-57.5,12.5,NA
-56.5,12.5,NA
-55.5,12.5,NA
-54.5,12.5,NA
-53.5,12.5,NA
-52.5,12.5,NA
-51.5,12.5,NA
-50.5,12.5,NA
-49.5,12.5,NA
-48.5,12.5,NA
-47.5,12.5,NA
-46.5,12.5,0.285714286
-45.5,12.5,0.727272727
-44.5,12.5,0.727678571
-43.5,12.5,0.700854701
-42.5,12.5,0.833638026
-41.5,12.5,0.793960924
-40.5,12.5,0.72826087
-39.5,12.5,0.720379147
-38.5,12.5,0.492868463
-37.5,12.5,0.584431138
-36.5,12.5,0.740674956
-35.5,12.5,0.655426765
-34.5,12.5,0.714082504
-33.5,12.5,0.751282051
-32.5,12.5,0.536585366
-31.5,12.5,0.603896104
-30.5,12.5,0.677333333
-29.5,12.5,0.626206897
-28.5,12.5,0.644569817
-27.5,12.5,0.635514019
-26.5,12.5,0.493333333
-25.5,12.5,0.650224215
-24.5,12.5,0.633898305
-23.5,12.5,0.525568182
-22.5,12.5,0.683257919
-21.5,12.5,0.787234043
-20.5,12.5,0.635964912
-19.5,12.5,NA
-18.5,12.5,NA
-17.5,12.5,NA
-16.5,12.5,NA
-15.5,12.5,NA
-14.5,12.5,NA
-13.5,12.5,NA
-12.5,12.5,NA
-11.5,12.5,NA
-10.5,12.5,NA
-9.5,12.5,NA
-8.5,12.5,NA
-7.5,12.5,NA
-6.5,12.5,NA
-5.5,12.5,NA
-4.5,12.5,NA
-3.5,12.5,NA
-2.5,12.5,NA
-1.5,12.5,NA
-0.5,12.5,NA
-89.5,11.5,NA
-88.5,11.5,NA
-87.5,11.5,NA
-86.5,11.5,NA
-85.5,11.5,NA
-84.5,11.5,NA
-83.5,11.5,NA
-82.5,11.5,NA
-81.5,11.5,NA
-80.5,11.5,NA
-79.5,11.5,NA
-78.5,11.5,NA
-77.5,11.5,NA
-76.5,11.5,NA
-75.5,11.5,NA
-74.5,11.5,NA
-73.5,11.5,NA
-72.5,11.5,NA
-71.5,11.5,NA
-70.5,11.5,NA
-69.5,11.5,NA
-68.5,11.5,NA
-67.5,11.5,NA
-66.5,11.5,NA
-65.5,11.5,NA
-64.5,11.5,NA
-63.5,11.5,NA
-62.5,11.5,NA
-61.5,11.5,NA
-60.5,11.5,NA
-59.5,11.5,NA
-58.5,11.5,NA
-57.5,11.5,NA
-56.5,11.5,NA
-55.5,11.5,NA
-54.5,11.5,NA
-53.5,11.5,NA
-52.5,11.5,NA
-51.5,11.5,NA
-50.5,11.5,NA
-49.5,11.5,NA
-48.5,11.5,0.333333333
-47.5,11.5,1
-46.5,11.5,0.951219512
-45.5,11.5,0.694214876
-44.5,11.5,0.866037736
-43.5,11.5,0.871710526
-42.5,11.5,0.82694414
-41.5,11.5,0.802757158
-40.5,11.5,0.722713864
-39.5,11.5,0.68129771
-38.5,11.5,0.627314815
-37.5,11.5,0.621072089
-36.5,11.5,0.692477876
-35.5,11.5,0.783783784
-34.5,11.5,0.715700141
-33.5,11.5,0.685376662
-32.5,11.5,0.667844523
-31.5,11.5,0.730337079
-30.5,11.5,0.548974943
-29.5,11.5,0.454545455
-28.5,11.5,0.619496855
-27.5,11.5,0.555
-26.5,11.5,0.340611354
-25.5,11.5,0.457364341
-24.5,11.5,0.391304348
-23.5,11.5,0.497093023
-22.5,11.5,0.490228013
-21.5,11.5,0.666990291
-20.5,11.5,0.662939297
-19.5,11.5,0.533333333
-18.5,11.5,NA
-17.5,11.5,NA
-16.5,11.5,NA
-15.5,11.5,NA
-14.5,11.5,NA
-13.5,11.5,NA
-12.5,11.5,NA
-11.5,11.5,NA
-10.5,11.5,NA
-9.5,11.5,NA
-8.5,11.5,NA
-7.5,11.5,NA
-6.5,11.5,NA
-5.5,11.5,NA
-4.5,11.5,NA
-3.5,11.5,NA
-2.5,11.5,NA
-1.5,11.5,NA
-0.5,11.5,NA
-89.5,10.5,NA
-88.5,10.5,NA
-87.5,10.5,NA
-86.5,10.5,NA
-85.5,10.5,NA
-84.5,10.5,NA
-83.5,10.5,NA
-82.5,10.5,NA
-81.5,10.5,NA
-80.5,10.5,NA
-79.5,10.5,NA
-78.5,10.5,NA
-77.5,10.5,NA
-76.5,10.5,NA
-75.5,10.5,NA
-74.5,10.5,NA
-73.5,10.5,NA
-72.5,10.5,NA
-71.5,10.5,NA
-70.5,10.5,NA
-69.5,10.5,NA
-68.5,10.5,NA
-67.5,10.5,NA
-66.5,10.5,NA
-65.5,10.5,NA
-64.5,10.5,NA
-63.5,10.5,NA
-62.5,10.5,NA
-61.5,10.5,NA
-60.5,10.5,NA
-59.5,10.5,NA
-58.5,10.5,NA
-57.5,10.5,NA
-56.5,10.5,0.035714286
-55.5,10.5,0.362068966
-54.5,10.5,0.385714286
-53.5,10.5,0.535714286
-52.5,10.5,0.344827586
-51.5,10.5,NA
-50.5,10.5,NA
-49.5,10.5,0.333333333
-48.5,10.5,0.6875
-47.5,10.5,1
-46.5,10.5,0.642857143
-45.5,10.5,0.840490798
-44.5,10.5,0.770588235
-43.5,10.5,0.706467662
-42.5,10.5,0.764397906
-41.5,10.5,0.816479401
-40.5,10.5,0.783088235
-39.5,10.5,0.698564593
-38.5,10.5,0.756198347
-37.5,10.5,0.666666667
-36.5,10.5,0.735218509
-35.5,10.5,0.594847775
-34.5,10.5,0.62195122
-33.5,10.5,0.767213115
-32.5,10.5,0.681444992
-31.5,10.5,0.529929577
-30.5,10.5,0.633867277
-29.5,10.5,0.573170732
-28.5,10.5,0.211382114
-27.5,10.5,0.468085106
-26.5,10.5,0.536656891
-25.5,10.5,0.405144695
-24.5,10.5,0.38647343
-23.5,10.5,0.520676692
-22.5,10.5,0.575
-21.5,10.5,0.658711217
-20.5,10.5,0.488964346
-19.5,10.5,0.827586207
-18.5,10.5,NA
-17.5,10.5,NA
-16.5,10.5,NA
-15.5,10.5,NA
-14.5,10.5,NA
-13.5,10.5,NA
-12.5,10.5,NA
-11.5,10.5,NA
-10.5,10.5,NA
-9.5,10.5,NA
-8.5,10.5,NA
-7.5,10.5,NA
-6.5,10.5,NA
-5.5,10.5,NA
-4.5,10.5,NA
-3.5,10.5,NA
-2.5,10.5,NA
-1.5,10.5,NA
-0.5,10.5,NA
-89.5,9.5,NA
-88.5,9.5,NA
-87.5,9.5,NA
-86.5,9.5,NA
-85.5,9.5,NA
-84.5,9.5,NA
-83.5,9.5,NA
-82.5,9.5,NA
-81.5,9.5,NA
-80.5,9.5,NA
-79.5,9.5,NA
-78.5,9.5,NA
-77.5,9.5,NA
-76.5,9.5,NA
-75.5,9.5,NA
-74.5,9.5,NA
-73.5,9.5,NA
-72.5,9.5,NA
-71.5,9.5,NA
-70.5,9.5,NA
-69.5,9.5,NA
-68.5,9.5,NA
-67.5,9.5,NA
-66.5,9.5,NA
-65.5,9.5,NA
-64.5,9.5,NA
-63.5,9.5,NA
-62.5,9.5,NA
-61.5,9.5,NA
-60.5,9.5,NA
-59.5,9.5,NA
-58.5,9.5,NA
-57.5,9.5,NA
-56.5,9.5,NA
-55.5,9.5,0.105263158
-54.5,9.5,0.435897436
-53.5,9.5,0.279411765
-52.5,9.5,0.258064516
-51.5,9.5,NA
-50.5,9.5,NA
-49.5,9.5,NA
-48.5,9.5,0.428571429
-47.5,9.5,1
-46.5,9.5,NA
-45.5,9.5,0.108108108
-44.5,9.5,0.711111111
-43.5,9.5,0.264705882
-42.5,9.5,0.043478261
-41.5,9.5,0.424242424
-40.5,9.5,0.786764706
-39.5,9.5,0.572649573
-38.5,9.5,0.36
-37.5,9.5,0.524475524
-36.5,9.5,0.525925926
-35.5,9.5,0.60106383
-34.5,9.5,0.773584906
-33.5,9.5,0.547325103
-32.5,9.5,0.578947368
-31.5,9.5,0.530674847
-30.5,9.5,0.462633452
-29.5,9.5,0.502304147
-28.5,9.5,0.503401361
-27.5,9.5,0.490909091
-26.5,9.5,0.75984252
-25.5,9.5,0.609489051
-24.5,9.5,0.307692308
-23.5,9.5,0.585454545
-22.5,9.5,0.758784425
-21.5,9.5,0.636675236
-20.5,9.5,0.672090113
-19.5,9.5,0.659192825
-18.5,9.5,1
-17.5,9.5,NA
-16.5,9.5,NA
-15.5,9.5,NA
-14.5,9.5,NA
-13.5,9.5,NA
-12.5,9.5,NA
-11.5,9.5,NA
-10.5,9.5,NA
-9.5,9.5,NA
-8.5,9.5,NA
-7.5,9.5,NA
-6.5,9.5,NA
-5.5,9.5,NA
-4.5,9.5,NA
-3.5,9.5,NA
-2.5,9.5,NA
-1.5,9.5,NA
-0.5,9.5,NA
-89.5,8.5,NA
-88.5,8.5,NA
-87.5,8.5,NA
-86.5,8.5,NA
-85.5,8.5,NA
-84.5,8.5,NA
-83.5,8.5,NA
-82.5,8.5,NA
-81.5,8.5,NA
-80.5,8.5,NA
-79.5,8.5,NA
-78.5,8.5,NA
-77.5,8.5,NA
-76.5,8.5,NA
-75.5,8.5,NA
-74.5,8.5,NA
-73.5,8.5,NA
-72.5,8.5,NA
-71.5,8.5,NA
-70.5,8.5,NA
-69.5,8.5,NA
-68.5,8.5,NA
-67.5,8.5,NA
-66.5,8.5,NA
-65.5,8.5,NA
-64.5,8.5,NA
-63.5,8.5,NA
-62.5,8.5,NA
-61.5,8.5,NA
-60.5,8.5,NA
-59.5,8.5,NA
-58.5,8.5,NA
-57.5,8.5,NA
-56.5,8.5,NA
-55.5,8.5,NA
-54.5,8.5,NA
-53.5,8.5,NA
-52.5,8.5,NA
-51.5,8.5,NA
-50.5,8.5,NA
-49.5,8.5,NA
-48.5,8.5,NA
-47.5,8.5,NA
-46.5,8.5,NA
-45.5,8.5,NA
-44.5,8.5,1
-43.5,8.5,NA
-42.5,8.5,0.428571429
-41.5,8.5,NA
-40.5,8.5,0.105263158
-39.5,8.5,NA
-38.5,8.5,0.416666667
-37.5,8.5,0.930232558
-36.5,8.5,0.448717949
-35.5,8.5,NA
-34.5,8.5,NA
-33.5,8.5,0.711340206
-32.5,8.5,0.505263158
-31.5,8.5,0.288135593
-30.5,8.5,0.414634146
-29.5,8.5,0.711764706
-28.5,8.5,0.68641115
-27.5,8.5,0.737827715
-26.5,8.5,0.408450704
-25.5,8.5,0.599439776
-24.5,8.5,0.536470588
-23.5,8.5,0.674897119
-22.5,8.5,0.647859922
-21.5,8.5,0.784351145
-20.5,8.5,0.725718726
-19.5,8.5,0.728937729
-18.5,8.5,0.733887734
-17.5,8.5,0.136363636
-16.5,8.5,NA
-15.5,8.5,NA
-14.5,8.5,NA
-13.5,8.5,NA
-12.5,8.5,NA
-11.5,8.5,NA
-10.5,8.5,NA
-9.5,8.5,NA
-8.5,8.5,NA
-7.5,8.5,NA
-6.5,8.5,NA
-5.5,8.5,NA
-4.5,8.5,NA
-3.5,8.5,NA
-2.5,8.5,NA
-1.5,8.5,NA
-0.5,8.5,NA
-89.5,7.5,NA
-88.5,7.5,NA
-87.5,7.5,NA
-86.5,7.5,NA
-85.5,7.5,NA
-84.5,7.5,NA
-83.5,7.5,NA
-82.5,7.5,NA
-81.5,7.5,NA
-80.5,7.5,NA
-79.5,7.5,NA
-78.5,7.5,NA
-77.5,7.5,NA
-76.5,7.5,NA
-75.5,7.5,NA
-74.5,7.5,NA
-73.5,7.5,NA
-72.5,7.5,NA
-71.5,7.5,NA
-70.5,7.5,NA
-69.5,7.5,NA
-68.5,7.5,NA
-67.5,7.5,NA
-66.5,7.5,NA
-65.5,7.5,NA
-64.5,7.5,NA
-63.5,7.5,NA
-62.5,7.5,NA
-61.5,7.5,NA
-60.5,7.5,NA
-59.5,7.5,NA
-58.5,7.5,NA
-57.5,7.5,NA
-56.5,7.5,NA
-55.5,7.5,NA
-54.5,7.5,NA
-53.5,7.5,NA
-52.5,7.5,NA
-51.5,7.5,NA
-50.5,7.5,NA
-49.5,7.5,NA
-48.5,7.5,NA
-47.5,7.5,NA
-46.5,7.5,NA
-45.5,7.5,NA
-44.5,7.5,NA
-43.5,7.5,NA
-42.5,7.5,1
-41.5,7.5,NA
-40.5,7.5,NA
-39.5,7.5,NA
-38.5,7.5,NA
-37.5,7.5,0.130434783
-36.5,7.5,NA
-35.5,7.5,1
-34.5,7.5,0.5
-33.5,7.5,0.617647059
-32.5,7.5,0.49382716
-31.5,7.5,0.4921875
-30.5,7.5,0.486486486
-29.5,7.5,0.613333333
-28.5,7.5,0.796934866
-27.5,7.5,0.816816817
-26.5,7.5,0.223958333
-25.5,7.5,0.516703786
-24.5,7.5,0.525581395
-23.5,7.5,0.698224852
-22.5,7.5,0.651111111
-21.5,7.5,0.753505535
-20.5,7.5,0.720152818
-19.5,7.5,0.732751092
-18.5,7.5,0.690104167
-17.5,7.5,0.693094629
-16.5,7.5,0.614814815
-15.5,7.5,NA
-14.5,7.5,NA
-13.5,7.5,NA
-12.5,7.5,NA
-11.5,7.5,NA
-10.5,7.5,NA
-9.5,7.5,NA
-8.5,7.5,NA
-7.5,7.5,NA
-6.5,7.5,NA
-5.5,7.5,NA
-4.5,7.5,NA
-3.5,7.5,NA
-2.5,7.5,NA
-1.5,7.5,NA
-0.5,7.5,NA
-89.5,6.5,NA
-88.5,6.5,NA
-87.5,6.5,NA
-86.5,6.5,NA
-85.5,6.5,NA
-84.5,6.5,NA
-83.5,6.5,NA
-82.5,6.5,NA
-81.5,6.5,NA
-80.5,6.5,NA
-79.5,6.5,NA
-78.5,6.5,NA
-77.5,6.5,NA
-76.5,6.5,NA
-75.5,6.5,NA
-74.5,6.5,NA
-73.5,6.5,NA
-72.5,6.5,NA
-71.5,6.5,NA
-70.5,6.5,NA
-69.5,6.5,NA
-68.5,6.5,NA
-67.5,6.5,NA
-66.5,6.5,NA
-65.5,6.5,NA
-64.5,6.5,NA
-63.5,6.5,NA
-62.5,6.5,NA
-61.5,6.5,NA
-60.5,6.5,NA
-59.5,6.5,NA
-58.5,6.5,NA
-57.5,6.5,NA
-56.5,6.5,NA
-55.5,6.5,NA
-54.5,6.5,NA
-53.5,6.5,NA
-52.5,6.5,NA
-51.5,6.5,NA
-50.5,6.5,NA
-49.5,6.5,NA
-48.5,6.5,NA
-47.5,6.5,NA
-46.5,6.5,NA
-45.5,6.5,NA
-44.5,6.5,NA
-43.5,6.5,NA
-42.5,6.5,0.642857143
-41.5,6.5,0.819148936
-40.5,6.5,0.071428571
-39.5,6.5,NA
-38.5,6.5,NA
-37.5,6.5,NA
-36.5,6.5,0.535714286
-35.5,6.5,0.367647059
-34.5,6.5,0.209302326
-33.5,6.5,0.704
-32.5,6.5,0.733333333
-31.5,6.5,0.664634146
-30.5,6.5,0.730769231
-29.5,6.5,0.63559322
-28.5,6.5,0.689440994
-27.5,6.5,0.715116279
-26.5,6.5,0.64137931
-25.5,6.5,0.667546174
-24.5,6.5,0.701754386
-23.5,6.5,0.712435233
-22.5,6.5,0.67032967
-21.5,6.5,0.678181818
-20.5,6.5,0.720218579
-19.5,6.5,0.65106383
-18.5,6.5,0.738601824
-17.5,6.5,0.737030411
-16.5,6.5,0.713178295
-15.5,6.5,NA
-14.5,6.5,NA
-13.5,6.5,NA
-12.5,6.5,NA
-11.5,6.5,NA
-10.5,6.5,NA
-9.5,6.5,NA
-8.5,6.5,NA
-7.5,6.5,NA
-6.5,6.5,NA
-5.5,6.5,NA
-4.5,6.5,NA
-3.5,6.5,NA
-2.5,6.5,NA
-1.5,6.5,NA
-0.5,6.5,NA
-89.5,5.5,NA
-88.5,5.5,NA
-87.5,5.5,NA
-86.5,5.5,NA
-85.5,5.5,NA
-84.5,5.5,NA
-83.5,5.5,NA
-82.5,5.5,NA
-81.5,5.5,NA
-80.5,5.5,NA
-79.5,5.5,NA
-78.5,5.5,NA
-77.5,5.5,NA
-76.5,5.5,NA
-75.5,5.5,NA
-74.5,5.5,NA
-73.5,5.5,NA
-72.5,5.5,NA
-71.5,5.5,NA
-70.5,5.5,NA
-69.5,5.5,NA
-68.5,5.5,NA
-67.5,5.5,NA
-66.5,5.5,NA
-65.5,5.5,NA
-64.5,5.5,NA
-63.5,5.5,NA
-62.5,5.5,NA
-61.5,5.5,NA
-60.5,5.5,NA
-59.5,5.5,NA
-58.5,5.5,NA
-57.5,5.5,NA
-56.5,5.5,NA
-55.5,5.5,NA
-54.5,5.5,NA
-53.5,5.5,NA
-52.5,5.5,NA
-51.5,5.5,NA
-50.5,5.5,NA
-49.5,5.5,NA
-48.5,5.5,NA
-47.5,5.5,NA
-46.5,5.5,NA
-45.5,5.5,NA
-44.5,5.5,NA
-43.5,5.5,1
-42.5,5.5,0.148148148
-41.5,5.5,0.684210526
-40.5,5.5,0.485714286
-39.5,5.5,0.586466165
-38.5,5.5,0.234375
-37.5,5.5,0.219178082
-36.5,5.5,0.78125
-35.5,5.5,0.217391304
-34.5,5.5,0.285714286
-33.5,5.5,0.476190476
-32.5,5.5,0.609090909
-31.5,5.5,0.863636364
-30.5,5.5,0.666666667
-29.5,5.5,NA
-28.5,5.5,0.384615385
-27.5,5.5,0.691489362
-26.5,5.5,0.534090909
-25.5,5.5,0.664893617
-24.5,5.5,0.748051948
-23.5,5.5,0.590021692
-22.5,5.5,0.721698113
-21.5,5.5,0.661442006
-20.5,5.5,0.794871795
-19.5,5.5,0.754
-18.5,5.5,0.683890578
-17.5,5.5,0.717241379
-16.5,5.5,0.658291457
-15.5,5.5,0.596153846
-14.5,5.5,NA
-13.5,5.5,NA
-12.5,5.5,NA
-11.5,5.5,NA
-10.5,5.5,NA
-9.5,5.5,NA
-8.5,5.5,NA
-7.5,5.5,NA
-6.5,5.5,NA
-5.5,5.5,NA
-4.5,5.5,NA
-3.5,5.5,NA
-2.5,5.5,NA
-1.5,5.5,NA
-0.5,5.5,NA
-89.5,4.5,NA
-88.5,4.5,NA
-87.5,4.5,NA
-86.5,4.5,NA
-85.5,4.5,NA
-84.5,4.5,NA
-83.5,4.5,NA
-82.5,4.5,NA
-81.5,4.5,NA
-80.5,4.5,NA
-79.5,4.5,NA
-78.5,4.5,NA
-77.5,4.5,NA
-76.5,4.5,NA
-75.5,4.5,NA
-74.5,4.5,NA
-73.5,4.5,NA
-72.5,4.5,NA
-71.5,4.5,NA
-70.5,4.5,NA
-69.5,4.5,NA
-68.5,4.5,NA
-67.5,4.5,NA
-66.5,4.5,NA
-65.5,4.5,NA
-64.5,4.5,NA
-63.5,4.5,NA
-62.5,4.5,NA
-61.5,4.5,NA
-60.5,4.5,NA
-59.5,4.5,NA
-58.5,4.5,NA
-57.5,4.5,NA
-56.5,4.5,NA
-55.5,4.5,NA
-54.5,4.5,NA
-53.5,4.5,NA
-52.5,4.5,NA
-51.5,4.5,NA
-50.5,4.5,NA
-49.5,4.5,NA
-48.5,4.5,NA
-47.5,4.5,NA
-46.5,4.5,NA
-45.5,4.5,NA
-44.5,4.5,NA
-43.5,4.5,NA
-42.5,4.5,NA
-41.5,4.5,0.03125
-40.5,4.5,0.550724638
-39.5,4.5,0.447058824
-38.5,4.5,0.555555556
-37.5,4.5,0.27027027
-36.5,4.5,0.532163743
-35.5,4.5,0.317073171
-34.5,4.5,0.489361702
-33.5,4.5,0.314814815
-32.5,4.5,0.171875
-31.5,4.5,0.082474227
-30.5,4.5,0.429824561
-29.5,4.5,NA
-28.5,4.5,0.090909091
-27.5,4.5,0.481481481
-26.5,4.5,0.464646465
-25.5,4.5,0.390532544
-24.5,4.5,0.535714286
-23.5,4.5,0.647368421
-22.5,4.5,0.384615385
-21.5,4.5,0.51552795
-20.5,4.5,0.275964392
-19.5,4.5,0.608108108
-18.5,4.5,0.480519481
-17.5,4.5,0.432291667
-16.5,4.5,0.368421053
-15.5,4.5,0.504424779
-14.5,4.5,0.697478992
-13.5,4.5,0.222222222
-12.5,4.5,NA
-11.5,4.5,NA
-10.5,4.5,NA
-9.5,4.5,NA
-8.5,4.5,NA
-7.5,4.5,NA
-6.5,4.5,NA
-5.5,4.5,NA
-4.5,4.5,NA
-3.5,4.5,NA
-2.5,4.5,NA
-1.5,4.5,NA
-0.5,4.5,NA
-89.5,3.5,NA
-88.5,3.5,NA
-87.5,3.5,NA
-86.5,3.5,NA
-85.5,3.5,NA
-84.5,3.5,NA
-83.5,3.5,NA
-82.5,3.5,NA
-81.5,3.5,NA
-80.5,3.5,NA
-79.5,3.5,NA
-78.5,3.5,NA
-77.5,3.5,NA
-76.5,3.5,NA
-75.5,3.5,NA
-74.5,3.5,NA
-73.5,3.5,NA
-72.5,3.5,NA
-71.5,3.5,NA
-70.5,3.5,NA
-69.5,3.5,NA
-68.5,3.5,NA
-67.5,3.5,NA
-66.5,3.5,NA
-65.5,3.5,NA
-64.5,3.5,NA
-63.5,3.5,NA
-62.5,3.5,NA
-61.5,3.5,NA
-60.5,3.5,NA
-59.5,3.5,NA
-58.5,3.5,NA
-57.5,3.5,NA
-56.5,3.5,NA
-55.5,3.5,NA
-54.5,3.5,NA
-53.5,3.5,NA
-52.5,3.5,NA
-51.5,3.5,NA
-50.5,3.5,NA
-49.5,3.5,NA
-48.5,3.5,NA
-47.5,3.5,NA
-46.5,3.5,NA
-45.5,3.5,NA
-44.5,3.5,NA
-43.5,3.5,NA
-42.5,3.5,1
-41.5,3.5,0.836065574
-40.5,3.5,0.824561404
-39.5,3.5,0.751072961
-38.5,3.5,0.425170068
-37.5,3.5,0.445692884
-36.5,3.5,0.656976744
-35.5,3.5,0.314685315
-34.5,3.5,0.267241379
-33.5,3.5,0.210526316
-32.5,3.5,0.304878049
-31.5,3.5,0.657894737
-30.5,3.5,0.736434109
-29.5,3.5,0.875
-28.5,3.5,0.786885246
-27.5,3.5,0.55
-26.5,3.5,0.625
-25.5,3.5,0.73872679
-24.5,3.5,0.52739726
-23.5,3.5,0.577433628
-22.5,3.5,0.651125402
-21.5,3.5,0.602339181
-20.5,3.5,0.466666667
-19.5,3.5,0.728346457
-18.5,3.5,0.543715847
-17.5,3.5,0.708708709
-16.5,3.5,0.584269663
-15.5,3.5,0.584313725
-14.5,3.5,0.615606936
-13.5,3.5,0.49068323
-12.5,3.5,0.524271845
-11.5,3.5,NA
-10.5,3.5,NA
-9.5,3.5,NA
-8.5,3.5,NA
-7.5,3.5,NA
-6.5,3.5,NA
-5.5,3.5,NA
-4.5,3.5,NA
-3.5,3.5,NA
-2.5,3.5,NA
-1.5,3.5,NA
-0.5,3.5,NA
-89.5,2.5,NA
-88.5,2.5,NA
-87.5,2.5,NA
-86.5,2.5,NA
-85.5,2.5,NA
-84.5,2.5,NA
-83.5,2.5,NA
-82.5,2.5,NA
-81.5,2.5,NA
-80.5,2.5,NA
-79.5,2.5,NA
-78.5,2.5,NA
-77.5,2.5,NA
-76.5,2.5,NA
-75.5,2.5,NA
-74.5,2.5,NA
-73.5,2.5,NA
-72.5,2.5,NA
-71.5,2.5,NA
-70.5,2.5,NA
-69.5,2.5,NA
-68.5,2.5,NA
-67.5,2.5,NA
-66.5,2.5,NA
-65.5,2.5,NA
-64.5,2.5,NA
-63.5,2.5,NA
-62.5,2.5,NA
-61.5,2.5,NA
-60.5,2.5,NA
-59.5,2.5,NA
-58.5,2.5,NA
-57.5,2.5,NA
-56.5,2.5,NA
-55.5,2.5,NA
-54.5,2.5,NA
-53.5,2.5,NA
-52.5,2.5,NA
-51.5,2.5,NA
-50.5,2.5,NA
-49.5,2.5,NA
-48.5,2.5,NA
-47.5,2.5,NA
-46.5,2.5,NA
-45.5,2.5,NA
-44.5,2.5,NA
-43.5,2.5,NA
-42.5,2.5,NA
-41.5,2.5,0.846153846
-40.5,2.5,0.754385965
-39.5,2.5,0.853868195
-38.5,2.5,0.440366972
-37.5,2.5,0.403846154
-36.5,2.5,0.50295858
-35.5,2.5,0.174418605
-34.5,2.5,0.116071429
-33.5,2.5,0.02173913
-32.5,2.5,0.191709845
-31.5,2.5,0.408450704
-30.5,2.5,0.791208791
-29.5,2.5,0.724409449
-28.5,2.5,0.789473684
-27.5,2.5,0.238095238
-26.5,2.5,0.477366255
-25.5,2.5,0.654643131
-24.5,2.5,0.687801932
-23.5,2.5,0.727877238
-22.5,2.5,0.645064806
-21.5,2.5,0.518935517
-20.5,2.5,0.599822538
-19.5,2.5,0.663066955
-18.5,2.5,0.652941176
-17.5,2.5,0.705882353
-16.5,2.5,0.548463357
-15.5,2.5,0.674846626
-14.5,2.5,0.532967033
-13.5,2.5,0.489164087
-12.5,2.5,0.63976378
-11.5,2.5,0.096153846
-10.5,2.5,NA
-9.5,2.5,NA
-8.5,2.5,NA
-7.5,2.5,NA
-6.5,2.5,NA
-5.5,2.5,NA
-4.5,2.5,NA
-3.5,2.5,NA
-2.5,2.5,NA
-1.5,2.5,NA
-0.5,2.5,NA
-89.5,1.5,NA
-88.5,1.5,NA
-87.5,1.5,NA
-86.5,1.5,NA
-85.5,1.5,NA
-84.5,1.5,NA
-83.5,1.5,NA
-82.5,1.5,NA
-81.5,1.5,NA
-80.5,1.5,NA
-79.5,1.5,NA
-78.5,1.5,NA
-77.5,1.5,NA
-76.5,1.5,NA
-75.5,1.5,NA
-74.5,1.5,NA
-73.5,1.5,NA
-72.5,1.5,NA
-71.5,1.5,NA
-70.5,1.5,NA
-69.5,1.5,NA
-68.5,1.5,NA
-67.5,1.5,NA
-66.5,1.5,NA
-65.5,1.5,NA
-64.5,1.5,NA
-63.5,1.5,NA
-62.5,1.5,NA
-61.5,1.5,NA
-60.5,1.5,NA
-59.5,1.5,NA
-58.5,1.5,NA
-57.5,1.5,NA
-56.5,1.5,NA
-55.5,1.5,NA
-54.5,1.5,NA
-53.5,1.5,NA
-52.5,1.5,NA
-51.5,1.5,NA
-50.5,1.5,NA
-49.5,1.5,NA
-48.5,1.5,NA
-47.5,1.5,NA
-46.5,1.5,NA
-45.5,1.5,NA
-44.5,1.5,NA
-43.5,1.5,NA
-42.5,1.5,NA
-41.5,1.5,0.166666667
-40.5,1.5,0.510204082
-39.5,1.5,0.242424242
-38.5,1.5,0.571428571
-37.5,1.5,0.351851852
-36.5,1.5,0.386363636
-35.5,1.5,0.302325581
-34.5,1.5,0.115789474
-33.5,1.5,0.063492063
-32.5,1.5,0.372781065
-31.5,1.5,0.413793103
-30.5,1.5,0.474452555
-29.5,1.5,0.3
-28.5,1.5,0.509433962
-27.5,1.5,0.424657534
-26.5,1.5,0.430939227
-25.5,1.5,0.695146958
-24.5,1.5,0.670995671
-23.5,1.5,0.702898551
-22.5,1.5,0.580128205
-21.5,1.5,0.481380563
-20.5,1.5,0.715239155
-19.5,1.5,0.725910064
-18.5,1.5,0.467032967
-17.5,1.5,0.438356164
-16.5,1.5,0.531914894
-15.5,1.5,0.746192893
-14.5,1.5,0.617886179
-13.5,1.5,0.62406015
-12.5,1.5,0.828422877
-11.5,1.5,0.635220126
-10.5,1.5,0.175675676
-9.5,1.5,0.666666667
-8.5,1.5,NA
-7.5,1.5,NA
-6.5,1.5,NA
-5.5,1.5,0.916666667
-4.5,1.5,0.4
-3.5,1.5,0.105263158
-2.5,1.5,0.914285714
-1.5,1.5,0.868852459
-0.5,1.5,0.5
-89.5,0.5,NA
-88.5,0.5,NA
-87.5,0.5,NA
-86.5,0.5,NA
-85.5,0.5,NA
-84.5,0.5,NA
-83.5,0.5,NA
-82.5,0.5,NA
-81.5,0.5,NA
-80.5,0.5,NA
-79.5,0.5,NA
-78.5,0.5,NA
-77.5,0.5,NA
-76.5,0.5,NA
-75.5,0.5,NA
-74.5,0.5,NA
-73.5,0.5,NA
-72.5,0.5,NA
-71.5,0.5,NA
-70.5,0.5,NA
-69.5,0.5,NA
-68.5,0.5,NA
-67.5,0.5,NA
-66.5,0.5,NA
-65.5,0.5,NA
-64.5,0.5,NA
-63.5,0.5,NA
-62.5,0.5,NA
-61.5,0.5,NA
-60.5,0.5,NA
-59.5,0.5,NA
-58.5,0.5,NA
-57.5,0.5,NA
-56.5,0.5,NA
-55.5,0.5,NA
-54.5,0.5,NA
-53.5,0.5,NA
-52.5,0.5,NA
-51.5,0.5,NA
-50.5,0.5,NA
-49.5,0.5,NA
-48.5,0.5,NA
-47.5,0.5,NA
-46.5,0.5,NA
-45.5,0.5,NA
-44.5,0.5,NA
-43.5,0.5,NA
-42.5,0.5,NA
-41.5,0.5,0.29787234
-40.5,0.5,0.2
-39.5,0.5,NA
-38.5,0.5,0.3125
-37.5,0.5,NA
-36.5,0.5,NA
-35.5,0.5,NA
-34.5,0.5,NA
-33.5,0.5,0.371428571
-32.5,0.5,0.294117647
-31.5,0.5,0.329113924
-30.5,0.5,0.380952381
-29.5,0.5,0.395348837
-28.5,0.5,0.14
-27.5,0.5,0.417910448
-26.5,0.5,0.613207547
-25.5,0.5,0.618823529
-24.5,0.5,0.663786332
-23.5,0.5,0.714784633
-22.5,0.5,0.588978186
-21.5,0.5,0.616185897
-20.5,0.5,0.543318649
-19.5,0.5,0.67037037
-18.5,0.5,0.606578947
-17.5,0.5,0.621076233
-16.5,0.5,0.547861507
-15.5,0.5,0.501039501
-14.5,0.5,0.706507304
-13.5,0.5,0.572093023
-12.5,0.5,0.838137472
-11.5,0.5,0.779111645
-10.5,0.5,0.508710801
-9.5,0.5,0.788029925
-8.5,0.5,0.8
-7.5,0.5,0.771428571
-6.5,0.5,NA
-5.5,0.5,0.865248227
-4.5,0.5,0.864779874
-3.5,0.5,0.607017544
-2.5,0.5,0.425619835
-1.5,0.5,0.817010309
-0.5,0.5,0.704016913
